-- phpMyAdmin SQL Dump
-- version 3.4.11.1deb2+deb7u1
-- http://www.phpmyadmin.net
--
-- Host: localhost
-- Generation Time: Feb 15, 2016 at 07:48 AM
-- Server version: 5.5.44
-- PHP Version: 5.4.45-0+deb7u2

SET SQL_MODE="NO_AUTO_VALUE_ON_ZERO";
SET time_zone = "+00:00";


/*!40101 SET @OLD_CHARACTER_SET_CLIENT=@@CHARACTER_SET_CLIENT */;
/*!40101 SET @OLD_CHARACTER_SET_RESULTS=@@CHARACTER_SET_RESULTS */;
/*!40101 SET @OLD_COLLATION_CONNECTION=@@COLLATION_CONNECTION */;
/*!40101 SET NAMES utf8 */;

--
-- Database: `ziingoDB`
--

-- --------------------------------------------------------

--
-- Table structure for table `addtocart`
--

CREATE TABLE IF NOT EXISTS `addtocart` (
  `id` int(10) NOT NULL AUTO_INCREMENT,
  `product_id` int(20) NOT NULL,
  `user_id` int(20) NOT NULL,
  `quantity` int(40) NOT NULL,
  `hotel_id` int(30) NOT NULL,
  PRIMARY KEY (`id`)
) ENGINE=InnoDB  DEFAULT CHARSET=latin1 AUTO_INCREMENT=297 ;

--
-- Dumping data for table `addtocart`
--

INSERT INTO `addtocart` (`id`, `product_id`, `user_id`, `quantity`, `hotel_id`) VALUES
(5, 5, 4, 2, 6),
(6, 6, 5, 1, 3),
(7, 3, 1, 5, 4),
(12, 3, 1, 6, 4),
(13, 3, 1, 6, 4),
(16, 15, 6, 1, 5),
(17, 15, 6, 1, 5),
(18, 15, 6, 1, 5),
(19, 5, 6, 2, 7),
(72, 1, 12, 1, 1),
(73, 7, 12, 1, 4),
(98, 37, 24, 4, 22),
(119, 4, 24, 3, 2),
(124, 36, 24, 2, 21),
(162, 33, 18, 2, 20),
(163, 15, 18, 3, 1),
(164, 8, 18, 3, 5),
(171, 2, 45, 1, 1),
(176, 17, 45, 1, 3),
(196, 30, 31, 1, 17),
(198, 1, 31, 3, 1),
(204, 19, 31, 1, 12),
(207, 5, 18, 2, 2),
(215, 5, 24, 1, 2),
(217, 38, 31, 11, 22),
(218, 2, 31, 2, 1),
(220, 5, 49, 1, 2),
(221, 21, 49, 1, 13),
(222, 28, 31, 1, 16),
(223, 36, 45, 1, 21),
(225, 4, 31, 1, 2),
(226, 36, 31, 1, 21),
(227, 7, 31, 1, 4),
(228, 6, 24, 1, 2),
(234, 3, 15, 2, 2),
(235, 4, 15, 2, 2),
(239, 5, 31, 1, 2),
(241, 2, 3, 5, 1),
(242, 6, 3, 2, 2),
(243, 3, 15, 2, 1),
(244, 4, 24, 1, 2),
(245, 5, 24, 1, 2),
(246, 6, 24, 4, 2),
(249, 4, 24, 1, 2),
(250, 5, 24, 1, 2),
(251, 6, 24, 4, 2),
(252, 25, 3, 6, 15),
(261, 4, 24, 1, 2),
(262, 5, 24, 1, 2),
(263, 6, 24, 1, 2),
(290, 16, 55, 1, 2),
(295, 1, 55, 3, 2),
(296, 21, 55, 3, 2);

-- --------------------------------------------------------

--
-- Table structure for table `agents`
--

CREATE TABLE IF NOT EXISTS `agents` (
  `agent_id` int(22) NOT NULL AUTO_INCREMENT,
  `loginname` varchar(30) NOT NULL,
  `first_name` varchar(100) NOT NULL,
  `last_name` varchar(100) NOT NULL,
  `password` varchar(100) NOT NULL,
  `email` varchar(60) NOT NULL,
  `city` varchar(60) NOT NULL,
  `address` text NOT NULL,
  `reg_date` datetime NOT NULL,
  `role` int(4) DEFAULT '0' COMMENT '(0=guest,1=user,2=admin)',
  `agent_status` tinyint(4) NOT NULL DEFAULT '2' COMMENT '1=Active, 2=Inactiv',
  `membership` tinyint(4) NOT NULL COMMENT '1=On, 2=Off ',
  PRIMARY KEY (`agent_id`)
) ENGINE=InnoDB  DEFAULT CHARSET=latin1 AUTO_INCREMENT=9 ;

--
-- Dumping data for table `agents`
--

INSERT INTO `agents` (`agent_id`, `loginname`, `first_name`, `last_name`, `password`, `email`, `city`, `address`, `reg_date`, `role`, `agent_status`, `membership`) VALUES
(1, 'priya', '', '', '5c85f09c984285b0a1152e699cac68b7c9e8e957', 'priya@globussoft.com', 'hyderabad', 'hyderabad,India', '0000-00-00 00:00:00', 0, 1, 0),
(2, 'sibani mishra', '', '', '97ce5207f9ec54f6652d197dba8238b6', 'sibanimishra@globussoft.com', 'Bhubaneswar', 'Bhubaneswar,odisha,india', '2015-12-29 00:00:00', 0, 1, 1),
(3, 'nargis parween', '', '', '70b7efbc69f58f682a0014b53d70f929', 'nargisparween@globussoft.com', 'Bokaro', 'Bokaro,Jharkhand,India', '2015-12-07 00:00:00', 0, 1, 1),
(4, 'Ningappa', '', '', '5d68c05bb3c62ee2e04ec82ca5cbb643', 'ningappa@globussoft.com', 'Bangalore', 'Bangalore,Karnataka,India', '2015-12-07 00:00:00', 0, 1, 1),
(5, 'Vivek', '', '', '061a01a98f80f415b1431236b62bb10b', 'vivekkumar@globussoft.com', 'Mumbai', 'Mumbai,Maharastra,India', '0000-00-00 00:00:00', 0, 1, 1),
(6, 'anuradha', '', '', 'f09a4ddc62a6a6c15fc213f17e91d09c', 'anuradhak@globussoft.com', 'Bhilai', 'Bhilai,Chatisgarh,India', '0000-00-00 00:00:00', 0, 1, 1),
(7, 'kamala', '', '', '906e6c8f85fb1ecb6daeb5a1ba63ff58f1d7aaaf', 'kamala@gmail.com', 'hyderabad', 'kukatpally', '2016-01-14 14:14:08', 1, 1, 1),
(8, 'ziingo', '', '', '63e59f8b96ea2b8bcda7ebe4e575c52444d149f4', 'foodapp@globussoft.com', 'bhilai', 'chatiisgarh', '2016-01-19 06:35:21', 1, 1, 0);

-- --------------------------------------------------------

--
-- Table structure for table `delivery_guys`
--

CREATE TABLE IF NOT EXISTS `delivery_guys` (
  `del_guy_id` int(11) NOT NULL AUTO_INCREMENT,
  `firstname` varchar(30) NOT NULL,
  `lastname` varchar(30) NOT NULL,
  `login_name` varchar(30) NOT NULL,
  `email` varchar(30) NOT NULL,
  `password` varchar(30) NOT NULL,
  `city` varchar(20) NOT NULL,
  `state` varchar(20) NOT NULL,
  `country` varchar(20) NOT NULL,
  `address` text NOT NULL,
  `status` tinyint(4) NOT NULL,
  `reg_date` datetime NOT NULL,
  `phone` varchar(20) NOT NULL,
  PRIMARY KEY (`del_guy_id`),
  UNIQUE KEY `email` (`email`)
) ENGINE=InnoDB  DEFAULT CHARSET=latin1 AUTO_INCREMENT=2 ;

--
-- Dumping data for table `delivery_guys`
--

INSERT INTO `delivery_guys` (`del_guy_id`, `firstname`, `lastname`, `login_name`, `email`, `password`, `city`, `state`, `country`, `address`, `status`, `reg_date`, `phone`) VALUES
(1, 'Salman', ' Khan', 'salman', ' Khan@google.com', 'khan', 'mumbai', 'Maharashtra', 'India', 'XXXXXXXXXXXXXXXXX', 1, '2016-02-06 00:00:00', '963258741');

-- --------------------------------------------------------

--
-- Table structure for table `delivery_status_log`
--

CREATE TABLE IF NOT EXISTS `delivery_status_log` (
  `status_id` int(30) NOT NULL AUTO_INCREMENT,
  `order_id` int(22) NOT NULL,
  `delivery_guy_id` int(22) NOT NULL,
  `status_type` tinyint(4) NOT NULL COMMENT '1=pickup done, 2=in transit, 3=delivered',
  `time` varchar(30) NOT NULL,
  PRIMARY KEY (`status_id`)
) ENGINE=InnoDB  DEFAULT CHARSET=latin1 AUTO_INCREMENT=2 ;

--
-- Dumping data for table `delivery_status_log`
--

INSERT INTO `delivery_status_log` (`status_id`, `order_id`, `delivery_guy_id`, `status_type`, `time`) VALUES
(1, 1, 2, 1, '30');

-- --------------------------------------------------------

--
-- Table structure for table `famous_cuisines`
--

CREATE TABLE IF NOT EXISTS `famous_cuisines` (
  `cuisine_id` int(11) NOT NULL AUTO_INCREMENT,
  `Cuisine_name` varchar(100) NOT NULL,
  `cuisine_status` tinyint(2) NOT NULL,
  PRIMARY KEY (`cuisine_id`)
) ENGINE=InnoDB  DEFAULT CHARSET=latin1 AUTO_INCREMENT=6 ;

--
-- Dumping data for table `famous_cuisines`
--

INSERT INTO `famous_cuisines` (`cuisine_id`, `Cuisine_name`, `cuisine_status`) VALUES
(1, ' Mexican cuisine', 1),
(2, 'Lebanese cuisine', 1),
(3, 'Greek cuisine', 1),
(4, ' Spanish cuisine', 1),
(5, 'Japanese cuisine', 1);

-- --------------------------------------------------------

--
-- Table structure for table `hotel_cuisines`
--

CREATE TABLE IF NOT EXISTS `hotel_cuisines` (
  `c_id` int(11) NOT NULL AUTO_INCREMENT,
  `cuisine_id` int(11) NOT NULL,
  `hotel_id` int(11) NOT NULL,
  PRIMARY KEY (`c_id`)
) ENGINE=InnoDB  DEFAULT CHARSET=latin1 AUTO_INCREMENT=11 ;

--
-- Dumping data for table `hotel_cuisines`
--

INSERT INTO `hotel_cuisines` (`c_id`, `cuisine_id`, `hotel_id`) VALUES
(1, 1, 1),
(2, 1, 2),
(3, 2, 3),
(4, 2, 4),
(5, 3, 5),
(6, 3, 6),
(7, 4, 7),
(8, 4, 8),
(9, 5, 9),
(10, 5, 9);

-- --------------------------------------------------------

--
-- Table structure for table `hotel_details`
--

CREATE TABLE IF NOT EXISTS `hotel_details` (
  `id` int(22) NOT NULL AUTO_INCREMENT,
  `agent_id` int(22) DEFAULT NULL,
  `hotel_location` int(11) NOT NULL,
  `address` text NOT NULL,
  `primary_phone` varchar(30) NOT NULL,
  `secondary_phone` varchar(30) NOT NULL,
  `hotel_name` varchar(60) NOT NULL,
  `hotel_image` varchar(400) NOT NULL,
  `open_time` varchar(20) NOT NULL,
  `closing_time` varchar(20) NOT NULL,
  `hotel_status` tinyint(4) NOT NULL COMMENT '1=Active, 2=Inactive',
  `notice` text NOT NULL COMMENT 'special notfication for users , like sunday closed , etc.',
  `min order` int(50) NOT NULL,
  `deliverycharge` int(50) NOT NULL,
  PRIMARY KEY (`id`)
) ENGINE=InnoDB  DEFAULT CHARSET=latin1 COMMENT='one agent can have multiple hotels' AUTO_INCREMENT=23 ;

--
-- Dumping data for table `hotel_details`
--

INSERT INTO `hotel_details` (`id`, `agent_id`, `hotel_location`, `address`, `primary_phone`, `secondary_phone`, `hotel_name`, `hotel_image`, `open_time`, `closing_time`, `hotel_status`, `notice`, `min order`, `deliverycharge`) VALUES
(1, 1, 9, 'AndhraPradesh,India', '7418529635', '99999999', 'Hotel FishLand', 'http://api.ziingo.globusapps.com/assets/hotel_images/fishlandhotel.jpg', '9', '10', 1, 'hotel will be closed on every sunday', 500, 50),
(2, 2, 8, 'Bhilai,Chatisgarh,India', '1234567889', '9854123657', 'Chanakya Restrurent', 'http://api.ziingo.globusapps.com/assets/hotel_images/metbkk_bkg_nahm_restaurant.jpg', '12pm', '2 am', 1, 'weekly satday and sunday holiday', 500, 200),
(3, 2, 9, 'Raipur,Chatisgarh,India', '785412365', '896521452', 'Surya Restrurent', 'http://api.ziingo.globusapps.com/assets/hotel_images/restrurent1.jpg', '8 am', '10 pm', 1, 'weekly  sunday off', 600, 100),
(4, 4, 4, 'Angul,Odisha,India', '1452145214', '78452123', 'Kohinur Restrurent', 'http://api.ziingo.globusapps.com/assets/hotel_images/images.jpg', '8 am', '10 pm', 1, 'weekly  wednesday off', 2000, 50),
(5, 3, 10, 'Bilashpur,India', '78451236523', '45124521463', 'King''s palace', 'http://api.ziingo.globusapps.com/assets/hotel_images/images2.jpg', '11 am', '12am', 1, 'No holiday', 1000, 999),
(6, 3, 8, 'sambalpur,India', '784512653', '784521652', 'Royal Enfield', 'http://api.ziingo.globusapps.com/assets/hotel_images/images2.jpg', '11 am', '12am', 1, 'No holiday', 500, 70),
(7, 2, 6, 'AP,India', '12345678', '12345678', 'Bhagirathi Inn', 'http://api.ziingo.globusapps.com/assets/hotel_images/restrurent526.jpg', '12 pm', '1 am', 1, 'all day working day', 1000, 80),
(8, 2, 7, 'AP,India', '4512365', '85296374', 'President Restrurent', 'http://api.ziingo.globusapps.com/assets/hotel_images/hotel.jpg', '12 pm', '1 am', 1, 'all day working day', 1000, 50),
(9, 4, 8, 'MP,India', '412563123', '789456212', 'Royal Restrurent', 'http://api.ziingo.globusapps.com/assets/hotel_images/image.jpg', '12 pm', '1 am', 1, 'sunday off', 1000, 400),
(10, 4, 2, 'Madhubani,India', '451245214', '1245214521', '3Q Restrurent', 'http://api.ziingo.globusapps.com/assets/hotel_images/images1234.jpg', '12 pm', '1 am', 1, 'sunday off', 700, 200),
(11, 1, 9, 'AP,India', '1343243445', '4354546575', 'Bajrangi hotel', 'http://api.ziingo.globusapps.com/assets/hotel_images/images5678.jpg', '6 pm', '12am', 1, 'every sunday working day', 300, 400),
(12, 8, 31, '', '7418529635', '7894561236', 'Taj Hotel', 'http://ziingo.globusapps.com/themes/agent/skin/hotelimages/8/12/images1.jpg', '10', '10', 1, '', 0, 0),
(13, 8, 26, '', '741563289', '985632414', 'Oberoi', 'http://ziingo.globusapps.com/themes/agent/skin/hotelimages/8/13/images.jpg', '10', '10', 1, '', 0, 0),
(14, 8, 25, '', '741569823', '589632147', 'Ambrossia', 'http://ziingo.globusapps.com/themes/agent/skin/hotelimages/8/14/images2.jpg', '10', '10', 1, '', 0, 0),
(15, 8, 28, '', '7419632581', '4569871236', 'Sanman Hotel', 'http://ziingo.globusapps.com/themes/agent/skin/hotelimages/8/15/images3.jpg', '10', '10', 1, '', 0, 0),
(16, 8, 22, '', '7418562369', '7539415365', 'Crystal palace', 'http://ziingo.globusapps.com/themes/agent/skin/hotelimages/8/16/images4.jpg', '10', '10', 1, '', 0, 0),
(17, 8, 28, '', '7413698523', '9876543214', 'Mysore Palace', 'http://ziingo.globusapps.com/themes/agent/skin/hotelimages/8/17/images5.jpg', '10', '10', 1, '', 0, 0),
(18, 8, 29, '', '7418529636', '3258964712', 'Hotel Maharaj', 'http://ziingo.globusapps.com/themes/agent/skin/hotelimages/8/18/images7.jpg', '10', '10', 1, '', 0, 0),
(19, 8, 25, '', '74125896325', '589632147', 'Kolkata Rolls', 'http://ziingo.globusapps.com/themes/agent/skin/hotelimages/8/19/images8.jpg', '10', '10', 1, '', 0, 0),
(20, 8, 24, '', '7412589636', '7412589636', 'CItyLights Restaurant', 'http://ziingo.globusapps.com/themes/agent/skin/hotelimages/8/20/images9.jpg', '10', '10', 1, '', 0, 0),
(21, 8, 22, '', '7412589635', '741256398', 'AvakaiBiryani Inn', 'http://ziingo.globusapps.com/themes/agent/skin/hotelimages/8/21/images10.jpg', '10', '10', 1, '', 0, 0),
(22, 8, 21, '', '7418526932', '9874563214', 'Hyderabadi Dhaba', 'http://ziingo.globusapps.com/themes/agent/skin/hotelimages/8/22/images6.jpg', '10', '10', 1, '', 0, 0);

-- --------------------------------------------------------

--
-- Table structure for table `location`
--

CREATE TABLE IF NOT EXISTS `location` (
  `location_id` int(11) NOT NULL AUTO_INCREMENT,
  `name` varchar(250) NOT NULL,
  `location_type` tinyint(1) NOT NULL COMMENT '0:country,1:state,2:city,3:location',
  `parent_id` int(11) NOT NULL COMMENT 'parent location_id',
  `location_status` tinyint(1) NOT NULL COMMENT '0:Inactive,1:Active',
  PRIMARY KEY (`location_id`)
) ENGINE=MyISAM  DEFAULT CHARSET=utf8 AUTO_INCREMENT=32 ;

--
-- Dumping data for table `location`
--

INSERT INTO `location` (`location_id`, `name`, `location_type`, `parent_id`, `location_status`) VALUES
(1, 'India', 0, 0, 1),
(2, 'china', 0, 0, 1),
(3, 'Pakistan', 0, 0, 1),
(4, 'Andhra Pradesh', 1, 1, 1),
(5, 'hyderabad', 2, 4, 1),
(6, 'TamilNadu', 1, 1, 1),
(7, 'Chennai', 2, 6, 1),
(8, 'Kukatpally', 3, 5, 1),
(9, 'Marina Beach', 3, 7, 1),
(10, 'bangladesh', 0, 0, 1),
(11, 'Indonesia', 0, 0, 1),
(12, 'Visakhpatanm', 2, 4, 1),
(13, 'Coimbatore', 2, 6, 1),
(14, 'Karnataka', 1, 1, 1),
(15, 'Kerala', 1, 1, 1),
(16, 'Bangalore', 2, 14, 1),
(17, 'Mysore', 2, 14, 1),
(18, 'Allepey', 2, 15, 1),
(19, 'KodaiKanal', 2, 15, 1),
(20, 'Banjara hills', 3, 5, 1),
(21, 'Gajuwaka', 3, 12, 1),
(22, 'Rishi konda Beach', 3, 12, 1),
(23, 'Tnagar', 3, 7, 1),
(24, 'Ooty', 3, 13, 0),
(25, 'anna nagar', 3, 13, 0),
(26, 'Electronic city', 3, 16, 1),
(27, 'White field', 3, 16, 1),
(28, 'palace Road', 3, 17, 1),
(29, 'Shivaji nagar', 3, 17, 1),
(30, 'tenmala', 3, 18, 1),
(31, 'cochin', 3, 18, 1);

-- --------------------------------------------------------

--
-- Table structure for table `menu_category`
--

CREATE TABLE IF NOT EXISTS `menu_category` (
  `category_id` int(11) NOT NULL AUTO_INCREMENT,
  `cat_name` varchar(60) NOT NULL,
  `cat_desc` text NOT NULL,
  `cat_status` tinyint(4) NOT NULL COMMENT '1=Active, 2=Inactive',
  `last_update` datetime NOT NULL,
  PRIMARY KEY (`category_id`)
) ENGINE=InnoDB  DEFAULT CHARSET=latin1 AUTO_INCREMENT=9 ;

--
-- Dumping data for table `menu_category`
--

INSERT INTO `menu_category` (`category_id`, `cat_name`, `cat_desc`, `cat_status`, `last_update`) VALUES
(1, 'Drinks', '', 1, '0000-00-00 00:00:00'),
(2, 'starters', '', 1, '0000-00-00 00:00:00'),
(3, 'Snacks', '', 1, '0000-00-00 00:00:00'),
(4, 'Lunch', '', 1, '2015-12-29 00:00:00'),
(5, 'Dinner', '', 1, '2015-12-29 00:00:00'),
(6, 'Chinese', '', 1, '2015-12-21 00:00:00'),
(7, 'Thai', '', 1, '2015-12-15 00:00:00'),
(8, 'Italian', '', 1, '2015-12-20 00:00:00');

-- --------------------------------------------------------

--
-- Table structure for table `orders`
--

CREATE TABLE IF NOT EXISTS `orders` (
  `order_id` int(22) NOT NULL AUTO_INCREMENT,
  `user_id` int(22) NOT NULL,
  `total_amount` float NOT NULL DEFAULT '0',
  `order_date` datetime NOT NULL,
  `order_status` tinyint(4) NOT NULL COMMENT '1=in process, 2=delivered , 3=cancelled,4=pending',
  `pay_status` tinyint(4) NOT NULL COMMENT '0=pending, 1=complete , 2=failed, 3=COD',
  `pay_type` tinyint(4) NOT NULL COMMENT '1=COD, 2=paypal',
  `delivery_status` tinyint(4) NOT NULL COMMENT '0=pending, 1=complete , 2=return/cancel, 3=unable to reach',
  `delivery_type` tinyint(4) NOT NULL DEFAULT '0' COMMENT '(1=delivery to address, 2=pickup)',
  `user_message` varchar(500) NOT NULL,
  PRIMARY KEY (`order_id`)
) ENGINE=InnoDB  DEFAULT CHARSET=latin1 AUTO_INCREMENT=265 ;

--
-- Dumping data for table `orders`
--

INSERT INTO `orders` (`order_id`, `user_id`, `total_amount`, `order_date`, `order_status`, `pay_status`, `pay_type`, `delivery_status`, `delivery_type`, `user_message`) VALUES
(31, 9, 100, '2016-01-06 06:22:54', 1, 1, 1, 0, 0, ''),
(33, 9, 100, '2016-01-06 06:24:30', 1, 1, 1, 0, 0, ''),
(34, 9, 100, '2016-01-06 06:25:07', 1, 1, 1, 0, 0, ''),
(35, 9, 100, '2016-01-06 06:27:58', 1, 1, 1, 0, 0, ''),
(36, 5, 500, '2016-01-06 06:29:18', 1, 1, 1, 0, 0, ''),
(37, 5, 500, '2016-01-06 06:44:58', 1, 1, 1, 0, 0, ''),
(39, 2, 500, '2016-01-06 06:50:23', 1, 1, 1, 0, 0, ''),
(40, 5, 500, '2016-01-06 13:21:23', 1, 1, 1, 0, 0, ''),
(41, 9, 500, '2016-01-06 13:21:50', 1, 1, 1, 0, 0, ''),
(42, 9, 500, '2016-01-06 13:25:40', 1, 1, 1, 0, 0, ''),
(43, 9, 500, '2016-01-06 13:25:55', 1, 1, 1, 0, 0, ''),
(44, 9, 500, '2016-01-06 13:28:30', 1, 1, 1, 0, 0, ''),
(45, 9, 500, '2016-01-06 13:28:32', 1, 1, 1, 0, 0, ''),
(46, 4, 500, '2016-01-06 13:28:41', 1, 1, 1, 0, 0, ''),
(47, 4, 500, '2016-01-06 13:30:53', 1, 1, 1, 0, 0, ''),
(48, 4, 500, '2016-01-06 13:31:04', 1, 1, 1, 0, 0, ''),
(49, 10, 500, '2016-01-06 13:32:53', 1, 1, 1, 0, 0, ''),
(50, 10, 500, '2016-01-06 13:33:35', 1, 1, 1, 0, 0, ''),
(51, 10, 500, '2016-01-06 13:38:27', 1, 1, 1, 0, 0, ''),
(52, 10, 500, '2016-01-06 13:38:54', 1, 1, 1, 0, 0, ''),
(53, 10, 500, '2016-01-06 13:38:56', 1, 1, 1, 0, 0, ''),
(54, 10, 500, '2016-01-06 13:39:24', 1, 1, 1, 0, 0, ''),
(55, 10, 500, '2016-01-06 13:39:26', 1, 1, 1, 0, 0, ''),
(56, 10, 500, '2016-01-06 13:41:01', 1, 1, 1, 0, 0, ''),
(57, 10, 500, '2016-01-06 13:42:13', 1, 1, 1, 0, 0, ''),
(58, 5, 100, '2016-01-07 07:53:45', 1, 1, 1, 0, 0, ''),
(59, 5, 100, '2016-01-07 07:54:10', 1, 1, 1, 0, 0, ''),
(60, 4, 50, '2016-01-07 07:55:38', 1, 1, 1, 0, 0, ''),
(61, 11, 50, '2016-01-07 08:21:48', 1, 1, 1, 0, 0, ''),
(63, 4, 100, '2016-01-07 11:40:58', 0, 0, 0, 0, 0, ''),
(64, 4, 100, '2016-01-07 11:50:38', 0, 0, 0, 0, 0, ''),
(65, 15, 1250, '2016-01-07 13:20:32', 0, 0, 0, 0, 0, ''),
(66, 6, 440, '2016-01-07 13:34:43', 0, 0, 0, 0, 0, ''),
(67, 6, 440, '2016-01-07 13:34:46', 0, 0, 0, 0, 0, ''),
(68, 6, 170, '2016-01-07 13:36:06', 0, 0, 0, 0, 0, ''),
(69, 4, 100, '2016-01-07 13:36:23', 0, 0, 0, 0, 0, ''),
(70, 6, 170, '2016-01-07 13:36:36', 0, 0, 0, 0, 0, ''),
(71, 6, 170, '2016-01-07 13:36:36', 0, 0, 0, 0, 0, ''),
(72, 6, 170, '2016-01-07 13:36:36', 0, 0, 0, 0, 0, ''),
(73, 6, 170, '2016-01-07 13:36:36', 0, 0, 0, 0, 0, ''),
(74, 6, 170, '2016-01-07 13:36:37', 0, 0, 0, 0, 0, ''),
(75, 6, 170, '2016-01-07 13:36:37', 0, 0, 0, 0, 0, ''),
(76, 15, 170, '2016-01-07 13:52:31', 0, 0, 0, 0, 0, ''),
(77, 15, 170, '2016-01-07 13:52:31', 0, 0, 0, 0, 0, ''),
(78, 15, 170, '2016-01-07 13:52:48', 0, 0, 0, 0, 0, ''),
(79, 15, 500, '2016-01-07 13:55:58', 0, 0, 0, 0, 0, ''),
(80, 15, 650, '2016-01-07 13:56:04', 0, 0, 0, 0, 0, ''),
(81, 15, 290, '2016-01-07 13:57:18', 0, 0, 0, 0, 0, ''),
(82, 15, 650, '2016-01-07 14:05:41', 0, 0, 0, 0, 0, ''),
(83, 4, 100, '2016-01-07 14:06:25', 0, 0, 0, 0, 0, ''),
(84, 4, 100, '2016-01-07 14:06:30', 0, 0, 0, 0, 0, ''),
(85, 15, 440, '2016-01-07 14:17:11', 0, 0, 0, 0, 0, ''),
(86, 15, 250, '2016-01-07 14:38:41', 0, 0, 0, 0, 0, ''),
(87, 15, 380, '2016-01-07 14:45:33', 0, 0, 0, 0, 0, ''),
(88, 15, 500, '2016-01-08 05:12:34', 0, 0, 0, 0, 0, ''),
(89, 15, 80, '2016-01-08 05:48:20', 0, 0, 0, 0, 0, ''),
(90, 15, 350, '2016-01-08 06:12:08', 0, 0, 0, 0, 0, ''),
(91, 15, 320, '2016-01-08 06:24:48', 0, 0, 0, 0, 0, ''),
(92, 15, 320, '2016-01-08 06:41:21', 0, 0, 0, 0, 0, ''),
(93, 15, 400, '2016-01-08 06:57:47', 0, 0, 0, 0, 0, ''),
(94, 15, 500, '2016-01-08 07:30:38', 0, 0, 0, 0, 0, ''),
(95, 15, 500, '2016-01-08 07:54:01', 0, 0, 0, 0, 0, ''),
(96, 15, 170, '2016-01-08 07:57:06', 0, 0, 0, 0, 0, ''),
(97, 15, 250, '2016-01-08 08:18:32', 0, 0, 0, 0, 0, ''),
(98, 15, 110, '2016-01-08 08:36:19', 0, 0, 0, 0, 0, ''),
(99, 15, 850, '2016-01-08 09:58:53', 0, 0, 0, 0, 0, ''),
(100, 15, 850, '2016-01-08 09:59:06', 0, 0, 0, 0, 0, ''),
(101, 15, 150, '2016-01-08 09:59:32', 0, 0, 0, 0, 0, ''),
(102, 15, 290, '2016-01-08 10:04:13', 0, 0, 0, 0, 0, ''),
(103, 15, 160, '2016-01-08 10:26:42', 0, 0, 0, 0, 0, ''),
(104, 15, 170, '2016-01-08 10:46:44', 0, 0, 0, 0, 0, ''),
(105, 15, 230, '2016-01-08 11:04:39', 0, 0, 0, 0, 0, ''),
(106, 15, 110, '2016-01-08 11:05:11', 0, 0, 0, 0, 0, ''),
(107, 15, 100, '2016-01-08 11:09:36', 0, 0, 0, 0, 0, ''),
(108, 15, 100, '2016-01-08 11:26:32', 0, 0, 0, 0, 0, ''),
(109, 15, 110, '2016-01-08 11:44:18', 0, 0, 0, 0, 0, ''),
(110, 15, 500, '2016-01-08 12:18:40', 0, 0, 0, 0, 0, ''),
(111, 15, 320, '2016-01-08 13:11:19', 0, 0, 0, 0, 0, ''),
(112, 15, 450, '2016-01-08 13:13:01', 0, 0, 0, 0, 0, ''),
(113, 15, 250, '2016-01-09 05:25:57', 0, 0, 0, 0, 0, ''),
(114, 15, 400, '2016-01-09 06:04:04', 0, 0, 0, 0, 0, ''),
(115, 15, 300, '2016-01-09 06:21:15', 0, 0, 0, 0, 0, ''),
(116, 15, 100, '2016-01-09 06:33:21', 0, 0, 0, 0, 0, ''),
(117, 15, 1250, '2016-01-09 06:38:25', 0, 0, 0, 0, 0, ''),
(118, 15, 150, '2016-01-09 06:42:40', 0, 0, 0, 0, 0, ''),
(119, 15, 200, '2016-01-09 06:48:15', 0, 0, 0, 0, 0, ''),
(120, 15, 60, '2016-01-09 06:49:08', 0, 0, 0, 0, 0, ''),
(121, 15, 250, '2016-01-09 06:52:17', 0, 0, 0, 0, 0, ''),
(122, 15, 260, '2016-01-09 08:55:35', 0, 0, 0, 0, 0, ''),
(123, 15, 250, '2016-01-09 09:06:17', 0, 0, 0, 0, 0, ''),
(124, 15, 350, '2016-01-09 09:06:38', 0, 0, 0, 0, 0, ''),
(125, 15, 800, '2016-01-09 09:29:47', 0, 0, 0, 0, 0, ''),
(126, 15, 500, '2016-01-11 04:54:00', 0, 0, 0, 0, 0, ''),
(127, 15, 500, '2016-01-11 04:54:00', 0, 0, 0, 0, 0, ''),
(128, 10, 400, '2016-01-11 06:12:42', 0, 0, 0, 0, 0, ''),
(129, 15, 1250, '2016-01-11 06:45:01', 0, 0, 0, 0, 0, ''),
(130, 15, 1250, '2016-01-11 06:45:26', 0, 0, 0, 0, 0, ''),
(131, 15, 1250, '2016-01-11 06:45:41', 0, 0, 0, 0, 0, ''),
(132, 15, 150, '2016-01-11 07:11:03', 0, 0, 0, 0, 0, ''),
(133, 15, 90, '2016-01-11 07:17:12', 0, 0, 0, 0, 0, ''),
(134, 15, 230, '2016-01-11 07:20:58', 0, 0, 0, 0, 0, ''),
(135, 15, 100, '2016-01-11 08:17:38', 0, 0, 0, 0, 0, ''),
(136, 15, 250, '2016-01-11 08:22:57', 0, 0, 0, 0, 0, ''),
(137, 15, 160, '2016-01-11 10:17:06', 0, 0, 0, 0, 0, ''),
(138, 15, 380, '2016-01-11 10:22:03', 0, 0, 0, 0, 0, ''),
(139, 15, 550, '2016-01-11 10:25:06', 0, 0, 0, 0, 0, ''),
(140, 15, 550, '2016-01-11 10:27:32', 0, 0, 0, 0, 0, ''),
(141, 15, 150, '2016-01-11 12:24:07', 0, 0, 0, 0, 0, ''),
(142, 15, 80, '2016-01-11 13:28:20', 0, 0, 0, 0, 0, ''),
(143, 15, 850, '2016-01-11 14:23:53', 0, 0, 0, 0, 0, ''),
(144, 15, 150, '2016-01-11 14:25:38', 0, 0, 0, 0, 0, ''),
(145, 15, 110, '2016-01-11 14:28:53', 0, 0, 0, 0, 0, ''),
(146, 24, 500, '2016-01-22 07:01:04', 4, 0, 0, 0, 0, ''),
(147, 24, 500, '2016-01-22 07:01:37', 4, 0, 0, 0, 0, ''),
(148, 24, 500, '2016-01-22 07:07:41', 4, 0, 0, 0, 0, ''),
(149, 24, 500, '2016-01-22 07:08:07', 4, 0, 0, 0, 0, ''),
(150, 24, 500, '2016-01-22 07:08:25', 4, 0, 0, 0, 0, ''),
(151, 24, 500, '2016-01-22 07:08:56', 4, 0, 0, 0, 0, ''),
(152, 24, 500, '2016-01-22 07:11:11', 4, 0, 0, 0, 0, ''),
(153, 24, 500, '2016-01-22 07:13:33', 4, 0, 0, 0, 0, ''),
(154, 24, 500, '2016-01-22 07:13:50', 4, 0, 0, 0, 0, ''),
(155, 24, 500, '2016-01-22 07:13:53', 4, 0, 0, 0, 0, ''),
(156, 24, 500, '2016-01-22 07:14:26', 4, 0, 0, 0, 0, ''),
(157, 24, 500, '2016-01-22 07:14:45', 4, 0, 0, 0, 0, ''),
(158, 24, 500, '2016-01-22 07:15:20', 4, 0, 0, 0, 0, ''),
(159, 24, 500, '2016-01-22 07:15:59', 4, 0, 0, 0, 0, ''),
(160, 24, 500, '2016-01-22 07:16:47', 4, 0, 0, 0, 0, ''),
(161, 24, 500, '2016-01-22 07:19:03', 4, 0, 0, 0, 0, ''),
(162, 24, 500, '2016-01-22 07:19:40', 4, 0, 0, 0, 0, ''),
(163, 24, 500, '2016-01-22 07:20:53', 4, 0, 0, 0, 0, ''),
(164, 24, 500, '2016-01-22 08:03:46', 4, 0, 0, 0, 0, ''),
(165, 24, 500, '2016-01-22 08:04:41', 4, 0, 0, 0, 0, ''),
(166, 24, 500, '2016-01-22 08:05:44', 4, 0, 0, 0, 0, ''),
(167, 24, 500, '2016-01-28 05:06:55', 4, 0, 0, 0, 0, ''),
(168, 24, 0, '2016-01-28 05:12:44', 4, 0, 0, 0, 0, ''),
(169, 15, 0, '2016-01-28 05:13:19', 4, 0, 0, 0, 0, ''),
(170, 35, 0, '2016-01-28 05:15:54', 4, 0, 0, 0, 0, ''),
(171, 35, 0, '2016-01-28 06:04:49', 4, 0, 0, 0, 0, ''),
(172, 15, 0, '2016-01-28 06:05:36', 4, 0, 0, 0, 0, ''),
(173, 35, 0, '2016-01-28 06:13:08', 4, 0, 0, 0, 0, ''),
(174, 35, 0, '2016-01-28 06:15:49', 4, 0, 0, 0, 0, ''),
(175, 15, 0, '2016-01-28 06:26:56', 4, 0, 0, 0, 0, ''),
(176, 24, 0, '2016-01-28 06:27:17', 4, 0, 0, 0, 0, ''),
(177, 35, 0, '2016-01-28 06:41:21', 4, 0, 0, 0, 0, ''),
(178, 35, 0, '2016-01-28 08:25:59', 4, 0, 0, 0, 0, ''),
(179, 35, 0, '2016-01-28 08:29:30', 4, 0, 0, 0, 0, ''),
(180, 35, 0, '2016-01-28 08:30:35', 4, 0, 0, 0, 0, ''),
(181, 35, 0, '2016-01-28 08:32:36', 4, 0, 0, 0, 0, ''),
(182, 35, 0, '2016-01-28 10:15:10', 4, 0, 0, 0, 0, ''),
(183, 35, 0, '2016-01-28 10:36:14', 4, 0, 0, 0, 0, ''),
(184, 35, 0, '2016-01-28 12:36:15', 4, 0, 0, 0, 0, ''),
(185, 35, 0, '2016-01-28 12:38:17', 4, 0, 0, 0, 0, ''),
(186, 35, 0, '2016-01-28 13:07:56', 4, 0, 0, 0, 0, ''),
(187, 35, 0, '2016-01-28 13:56:52', 4, 0, 0, 0, 0, ''),
(188, 15, 0, '2016-01-28 13:57:12', 4, 0, 0, 0, 0, ''),
(189, 35, 0, '2016-01-28 14:13:58', 4, 0, 0, 0, 0, ''),
(190, 15, 0, '2016-01-28 14:18:32', 4, 0, 0, 0, 0, ''),
(191, 35, 0, '2016-01-29 10:52:46', 4, 0, 0, 0, 0, ''),
(192, 35, 0, '2016-01-29 10:56:10', 4, 0, 0, 0, 0, ''),
(193, 35, 0, '2016-01-29 11:02:18', 4, 0, 0, 0, 0, ''),
(194, 35, 0, '2016-01-29 11:06:30', 4, 0, 0, 0, 0, ''),
(195, 35, 0, '2016-01-29 11:07:31', 4, 0, 0, 0, 0, ''),
(196, 35, 0, '2016-01-29 11:09:56', 4, 0, 0, 0, 0, ''),
(197, 35, 0, '2016-01-29 11:10:51', 4, 0, 0, 0, 0, ''),
(198, 35, 0, '2016-01-29 11:15:14', 4, 0, 0, 0, 0, ''),
(199, 35, 0, '2016-01-29 11:32:01', 4, 0, 0, 0, 0, ''),
(200, 15, 0, '2016-01-29 11:40:11', 4, 0, 0, 0, 0, ''),
(201, 35, 0, '2016-01-29 11:42:39', 4, 0, 0, 0, 0, ''),
(202, 15, 0, '2016-01-30 04:52:03', 4, 0, 0, 0, 0, ''),
(203, 15, 0, '2016-01-30 06:54:42', 4, 0, 0, 0, 0, ''),
(204, 31, 0, '2016-01-30 10:10:02', 4, 0, 0, 0, 0, ''),
(205, 31, 0, '2016-01-30 10:11:44', 4, 0, 0, 0, 0, ''),
(206, 31, 0, '2016-01-30 12:07:20', 4, 0, 0, 0, 0, ''),
(207, 31, 0, '2016-01-30 12:07:24', 4, 0, 0, 0, 0, ''),
(208, 31, 0, '2016-01-30 12:07:27', 4, 0, 0, 0, 0, ''),
(209, 31, 0, '2016-01-30 12:31:06', 4, 0, 0, 0, 0, ''),
(210, 31, 0, '2016-01-30 13:07:04', 4, 0, 0, 0, 0, ''),
(211, 31, 0, '2016-01-30 13:13:18', 4, 0, 0, 0, 0, ''),
(212, 31, 0, '2016-01-30 13:29:52', 4, 0, 0, 0, 0, ''),
(213, 31, 0, '2016-01-30 13:35:04', 4, 0, 0, 0, 0, ''),
(214, 31, 0, '2016-01-30 13:50:07', 4, 0, 0, 0, 0, ''),
(215, 18, 0, '2016-02-01 04:43:50', 4, 0, 0, 0, 0, ''),
(216, 18, 0, '2016-02-01 04:51:21', 4, 0, 0, 0, 0, ''),
(217, 18, 0, '2016-02-02 04:49:13', 4, 0, 0, 0, 0, ''),
(218, 18, 0, '2016-02-02 04:49:28', 4, 0, 0, 0, 0, ''),
(219, 18, 0, '2016-02-02 12:05:10', 4, 0, 0, 0, 0, ''),
(220, 18, 0, '2016-02-02 12:05:10', 4, 0, 0, 0, 0, ''),
(221, 35, 0, '2016-02-03 10:39:36', 4, 0, 0, 0, 0, ''),
(222, 31, 0, '2016-02-03 11:24:42', 4, 0, 0, 0, 0, ''),
(223, 31, 0, '2016-02-03 11:25:06', 4, 0, 0, 0, 0, ''),
(224, 31, 0, '2016-02-03 11:25:07', 4, 0, 0, 0, 0, ''),
(225, 31, 0, '2016-02-03 13:11:55', 4, 0, 0, 0, 0, ''),
(226, 35, 0, '2016-02-04 05:11:05', 4, 0, 0, 0, 0, ''),
(227, 35, 0, '2016-02-08 10:30:24', 4, 0, 0, 0, 0, ''),
(228, 35, 0, '2016-02-08 14:48:16', 4, 0, 0, 0, 0, ''),
(229, 35, 0, '2016-02-10 13:33:29', 4, 0, 0, 0, 0, ''),
(230, 24, 350, '2016-02-10 13:59:31', 0, 0, 0, 0, 2, 'acasfasfasf'),
(231, 24, 350, '2016-02-10 14:17:42', 0, 0, 0, 0, 1, ''),
(232, 24, 350, '2016-02-11 10:39:14', 0, 0, 0, 0, 2, 'hello how are you'),
(233, 35, 0, '2016-02-11 11:13:28', 4, 0, 0, 0, 0, ''),
(234, 55, 0, '2016-02-12 08:02:33', 4, 0, 0, 0, 0, ''),
(235, 55, 0, '2016-02-12 08:32:36', 4, 0, 0, 0, 0, ''),
(236, 24, 0, '2016-02-12 12:58:32', 0, 0, 0, 0, 1, ''),
(237, 24, 0, '2016-02-12 12:58:43', 0, 0, 0, 0, 1, ''),
(238, 55, 0, '2016-02-13 05:38:46', 4, 0, 0, 0, 0, ''),
(239, 55, 0, '2016-02-13 05:46:49', 4, 0, 0, 0, 0, ''),
(240, 55, 0, '2016-02-13 06:04:15', 4, 0, 0, 0, 0, ''),
(241, 55, 0, '2016-02-13 06:07:17', 4, 0, 0, 0, 0, ''),
(242, 55, 0, '2016-02-13 06:22:18', 4, 0, 0, 0, 0, ''),
(243, 55, 0, '2016-02-13 07:02:38', 4, 0, 0, 0, 0, ''),
(244, 55, 0, '2016-02-13 07:11:36', 4, 0, 0, 0, 0, ''),
(245, 55, 0, '2016-02-13 07:15:36', 4, 0, 0, 0, 0, ''),
(246, 55, 0, '2016-02-13 08:22:04', 4, 0, 0, 0, 0, ''),
(247, 55, 0, '2016-02-13 09:15:52', 4, 0, 0, 0, 0, ''),
(248, 55, 0, '2016-02-13 09:22:09', 4, 0, 0, 0, 0, ''),
(249, 55, 0, '2016-02-13 09:24:58', 4, 0, 0, 0, 0, ''),
(250, 55, 0, '2016-02-13 09:27:20', 4, 0, 0, 0, 0, ''),
(251, 55, 0, '2016-02-13 09:32:58', 4, 0, 0, 0, 0, ''),
(252, 55, 0, '2016-02-13 09:47:52', 4, 0, 0, 0, 0, ''),
(253, 55, 0, '2016-02-13 09:57:49', 4, 0, 0, 0, 0, ''),
(254, 55, 0, '2016-02-13 10:04:39', 4, 0, 0, 0, 0, ''),
(255, 55, 0, '2016-02-13 10:07:55', 4, 0, 0, 0, 0, ''),
(256, 55, 0, '2016-02-13 10:10:18', 4, 0, 0, 0, 0, ''),
(257, 55, 0, '2016-02-13 10:12:10', 4, 0, 0, 0, 0, ''),
(258, 55, 0, '2016-02-13 10:59:12', 4, 0, 0, 0, 0, ''),
(259, 55, 0, '2016-02-13 11:09:37', 4, 0, 0, 0, 0, ''),
(260, 55, 0, '2016-02-15 04:59:50', 4, 0, 0, 0, 0, ''),
(261, 55, 0, '2016-02-15 05:39:50', 4, 0, 0, 0, 0, ''),
(262, 55, 0, '2016-02-15 06:36:16', 4, 0, 0, 0, 0, ''),
(263, 55, 0, '2016-02-15 07:20:11', 4, 0, 0, 0, 0, ''),
(264, 55, 0, '2016-02-15 07:23:40', 4, 0, 0, 0, 0, '');

-- --------------------------------------------------------

--
-- Table structure for table `order_products`
--

CREATE TABLE IF NOT EXISTS `order_products` (
  `order_product_id` int(22) NOT NULL AUTO_INCREMENT,
  `order_id` int(22) DEFAULT NULL,
  `ordered_cart_id` int(22) NOT NULL,
  `pay_amount` float NOT NULL,
  `product_cost` float NOT NULL,
  `coupon_id` int(11) NOT NULL,
  `product_discount` float NOT NULL,
  `quantity` int(5) NOT NULL DEFAULT '1',
  `hotel_id` int(11) NOT NULL,
  PRIMARY KEY (`order_product_id`)
) ENGINE=InnoDB  DEFAULT CHARSET=latin1 AUTO_INCREMENT=465 ;

--
-- Dumping data for table `order_products`
--

INSERT INTO `order_products` (`order_product_id`, `order_id`, `ordered_cart_id`, `pay_amount`, `product_cost`, `coupon_id`, `product_discount`, `quantity`, `hotel_id`) VALUES
(2, 33, 1, 0, 0, 0, 0, 1, 0),
(3, 34, 1, 0, 0, 0, 0, 1, 0),
(4, 35, 1, 0, 0, 0, 0, 1, 0),
(5, 36, 2, 0, 0, 0, 0, 1, 0),
(6, 37, 2, 0, 0, 0, 0, 1, 0),
(7, 39, 2, 0, 0, 0, 0, 1, 0),
(8, 40, 2, 0, 0, 0, 0, 1, 0),
(9, 41, 2, 0, 0, 0, 0, 1, 0),
(10, 42, 2, 0, 0, 0, 0, 1, 0),
(11, 43, 2, 0, 0, 0, 0, 1, 0),
(12, 44, 2, 0, 0, 0, 0, 1, 0),
(13, 45, 2, 0, 0, 0, 0, 1, 0),
(14, 46, 2, 0, 0, 0, 0, 1, 0),
(15, 47, 2, 0, 0, 0, 0, 1, 0),
(16, 48, 2, 0, 0, 0, 0, 1, 0),
(17, 49, 6, 0, 0, 0, 0, 1, 0),
(18, 50, 6, 0, 0, 0, 0, 1, 0),
(19, 51, 6, 0, 0, 0, 0, 1, 0),
(20, 52, 6, 0, 0, 0, 0, 1, 0),
(21, 53, 6, 0, 0, 0, 0, 1, 0),
(22, 54, 6, 0, 0, 0, 0, 1, 0),
(23, 55, 6, 0, 0, 0, 0, 1, 0),
(24, 56, 6, 0, 0, 0, 0, 1, 0),
(25, 57, 6, 0, 0, 0, 0, 1, 0),
(26, 58, 7, 0, 0, 0, 0, 1, 0),
(27, 59, 7, 0, 0, 0, 0, 1, 0),
(28, 60, 5, 0, 0, 0, 0, 1, 0),
(29, 61, 1, 0, 0, 0, 0, 1, 0),
(30, 63, 4, 0, 0, 0, 0, 1, 0),
(31, 64, 4, 0, 0, 0, 0, 1, 0),
(32, 65, 1, 0, 0, 0, 0, 1, 0),
(33, 66, 17, 0, 0, 0, 0, 1, 0),
(34, 67, 17, 0, 0, 0, 0, 1, 0),
(35, 68, 9, 0, 0, 0, 0, 1, 0),
(36, 69, 4, 0, 0, 0, 0, 1, 0),
(37, 70, 9, 0, 0, 0, 0, 1, 0),
(38, 71, 9, 0, 0, 0, 0, 1, 0),
(39, 72, 9, 0, 0, 0, 0, 1, 0),
(40, 73, 9, 0, 0, 0, 0, 1, 0),
(41, 74, 9, 0, 0, 0, 0, 1, 0),
(42, 75, 9, 0, 0, 0, 0, 1, 0),
(43, 76, 9, 0, 0, 0, 0, 1, 0),
(44, 77, 9, 0, 0, 0, 0, 1, 0),
(45, 78, 9, 0, 0, 0, 0, 1, 0),
(46, 79, 5, 0, 0, 0, 0, 1, 0),
(47, 80, 5, 0, 0, 0, 0, 1, 0),
(48, 81, 7, 0, 0, 0, 0, 1, 0),
(49, 82, 4, 0, 0, 0, 0, 1, 0),
(50, 83, 4, 0, 0, 0, 0, 1, 0),
(51, 84, 4, 0, 0, 0, 0, 1, 0),
(52, 85, 17, 0, 0, 0, 0, 1, 0),
(53, 86, 6, 0, 0, 0, 0, 1, 0),
(54, 87, 17, 0, 0, 0, 0, 1, 0),
(55, 88, 2, 0, 0, 0, 0, 1, 0),
(56, 89, 12, 0, 0, 0, 0, 1, 0),
(57, 90, 4, 0, 0, 0, 0, 1, 0),
(58, 91, 16, 0, 0, 0, 0, 1, 0),
(59, 92, 16, 0, 0, 0, 0, 1, 0),
(60, 93, 6, 0, 0, 0, 0, 1, 0),
(61, 94, 5, 0, 0, 0, 0, 1, 0),
(62, 95, 4, 0, 0, 0, 0, 1, 0),
(63, 96, 9, 0, 0, 0, 0, 1, 0),
(64, 97, 18, 0, 0, 0, 0, 1, 0),
(65, 98, 9, 0, 0, 0, 0, 1, 0),
(66, 99, 1, 0, 0, 0, 0, 1, 0),
(67, 100, 1, 0, 0, 0, 0, 1, 0),
(68, 101, 18, 0, 0, 0, 0, 1, 0),
(69, 102, 9, 0, 0, 0, 0, 1, 0),
(70, 103, 17, 0, 0, 0, 0, 1, 0),
(71, 104, 9, 0, 0, 0, 0, 1, 0),
(72, 105, 10, 0, 0, 0, 0, 1, 0),
(73, 106, 8, 0, 0, 0, 0, 1, 0),
(74, 107, 6, 0, 0, 0, 0, 1, 0),
(75, 108, 6, 0, 0, 0, 0, 1, 0),
(76, 109, 16, 0, 0, 0, 0, 1, 0),
(77, 110, 2, 0, 0, 0, 0, 1, 0),
(78, 111, 17, 0, 0, 0, 0, 1, 0),
(79, 112, 18, 0, 0, 0, 0, 1, 0),
(80, 113, 6, 0, 0, 0, 0, 1, 0),
(81, 114, 6, 0, 0, 0, 0, 1, 0),
(82, 115, 6, 0, 0, 0, 0, 1, 0),
(83, 116, 18, 0, 0, 0, 0, 1, 0),
(84, 117, 1, 0, 0, 0, 0, 1, 0),
(85, 118, 18, 0, 0, 0, 0, 1, 0),
(86, 119, 2, 0, 0, 0, 0, 1, 0),
(87, 120, 12, 0, 0, 0, 0, 1, 0),
(88, 121, 18, 0, 0, 0, 0, 1, 0),
(89, 122, 17, 0, 0, 0, 0, 1, 0),
(90, 123, 2, 0, 0, 0, 0, 1, 0),
(91, 124, 2, 0, 0, 0, 0, 1, 0),
(92, 125, 5, 0, 0, 0, 0, 1, 0),
(93, 126, 5, 0, 0, 0, 0, 1, 0),
(94, 127, 5, 0, 0, 0, 0, 1, 0),
(95, 128, 3, 0, 0, 0, 0, 1, 0),
(96, 129, 1, 0, 0, 0, 0, 1, 0),
(97, 130, 1, 0, 0, 0, 0, 1, 0),
(98, 131, 1, 0, 0, 0, 0, 1, 0),
(99, 132, 6, 0, 0, 0, 0, 1, 0),
(100, 133, 12, 0, 0, 0, 0, 1, 0),
(101, 134, 9, 0, 0, 0, 0, 1, 0),
(102, 135, 18, 0, 0, 0, 0, 1, 0),
(103, 136, 2, 0, 0, 0, 0, 1, 0),
(104, 137, 17, 0, 0, 0, 0, 1, 0),
(105, 138, 17, 0, 0, 0, 0, 1, 0),
(106, 139, 6, 0, 0, 0, 0, 1, 0),
(107, 140, 2, 0, 0, 0, 0, 1, 0),
(108, 141, 6, 0, 0, 0, 0, 1, 0),
(109, 142, 11, 0, 0, 0, 0, 1, 0),
(110, 143, 1, 0, 0, 0, 0, 1, 0),
(111, 144, 18, 0, 0, 0, 0, 1, 0),
(112, 145, 9, 0, 0, 0, 0, 1, 0),
(113, 156, 1, 0, 0, 0, 0, 1, 0),
(114, 156, 2, 0, 0, 0, 0, 1, 0),
(115, 156, 3, 0, 0, 0, 0, 1, 0),
(116, 156, 4, 0, 0, 0, 0, 1, 0),
(117, 157, 1, 0, 0, 0, 0, 1, 0),
(118, 157, 2, 0, 0, 0, 0, 1, 0),
(119, 157, 3, 0, 0, 0, 0, 1, 0),
(120, 157, 4, 0, 0, 0, 0, 1, 0),
(121, 158, 1, 0, 0, 0, 0, 1, 0),
(122, 158, 2, 0, 0, 0, 0, 1, 0),
(123, 158, 3, 0, 0, 0, 0, 1, 0),
(124, 158, 4, 0, 0, 0, 0, 1, 0),
(125, 158, 5, 0, 0, 0, 0, 1, 0),
(126, 160, 1, 0, 0, 0, 0, 1, 0),
(127, 160, 2, 0, 0, 0, 0, 1, 0),
(128, 160, 3, 0, 0, 0, 0, 1, 0),
(129, 160, 4, 0, 0, 0, 0, 1, 0),
(130, 160, 5, 0, 0, 0, 0, 1, 0),
(131, 162, 1, 0, 0, 0, 0, 1, 0),
(132, 162, 2, 0, 0, 0, 0, 1, 0),
(133, 162, 3, 0, 0, 0, 0, 1, 0),
(134, 162, 4, 0, 0, 0, 0, 1, 0),
(135, 162, 5, 0, 0, 0, 0, 1, 0),
(136, 163, 1, 0, 0, 0, 0, 1, 0),
(137, 163, 2, 0, 0, 0, 0, 1, 0),
(138, 163, 3, 0, 0, 0, 0, 1, 0),
(139, 163, 4, 0, 0, 0, 0, 1, 0),
(140, 163, 5, 0, 0, 0, 0, 1, 0),
(141, 164, 1, 0, 0, 0, 0, 1, 0),
(142, 164, 2, 0, 0, 0, 0, 1, 0),
(143, 164, 3, 0, 0, 0, 0, 1, 0),
(144, 164, 4, 0, 0, 0, 0, 1, 0),
(145, 164, 5, 0, 0, 0, 0, 1, 0),
(146, 165, 1, 0, 0, 0, 0, 1, 0),
(147, 165, 2, 0, 0, 0, 0, 1, 0),
(148, 165, 3, 0, 0, 0, 0, 1, 0),
(149, 165, 4, 0, 0, 0, 0, 1, 0),
(150, 165, 5, 0, 0, 0, 0, 1, 0),
(151, 166, 1, 0, 0, 0, 0, 1, 0),
(152, 166, 2, 0, 0, 0, 0, 1, 0),
(153, 166, 3, 0, 0, 0, 0, 1, 0),
(154, 166, 4, 0, 0, 0, 0, 1, 0),
(155, 166, 5, 0, 0, 0, 0, 1, 0),
(156, 167, 1, 0, 0, 0, 0, 1, 0),
(157, 167, 2, 0, 0, 0, 0, 1, 0),
(158, 167, 3, 0, 0, 0, 0, 1, 0),
(159, 167, 4, 0, 0, 0, 0, 1, 0),
(160, 167, 5, 0, 0, 0, 0, 1, 0),
(161, 168, 1, 0, 0, 0, 0, 1, 0),
(162, 168, 2, 0, 0, 0, 0, 1, 0),
(163, 168, 3, 0, 0, 0, 0, 1, 0),
(164, 168, 4, 0, 0, 0, 0, 1, 0),
(165, 168, 5, 0, 0, 0, 0, 1, 0),
(166, 169, 1, 0, 0, 0, 0, 1, 0),
(167, 169, 2, 0, 0, 0, 0, 1, 0),
(168, 169, 5, 0, 0, 0, 0, 1, 0),
(169, 169, 6, 0, 0, 0, 0, 1, 0),
(170, 170, 132, 0, 0, 0, 0, 1, 0),
(171, 170, 135, 0, 0, 0, 0, 1, 0),
(172, 170, 136, 0, 0, 0, 0, 1, 0),
(173, 170, 137, 0, 0, 0, 0, 1, 0),
(174, 171, 132, 0, 0, 0, 0, 1, 0),
(175, 171, 135, 0, 0, 0, 0, 1, 0),
(176, 171, 136, 0, 0, 0, 0, 1, 0),
(177, 172, 1, 0, 0, 0, 0, 1, 0),
(178, 172, 2, 0, 0, 0, 0, 1, 0),
(179, 172, 5, 0, 0, 0, 0, 1, 0),
(180, 172, 6, 0, 0, 0, 0, 1, 0),
(181, 173, 132, 0, 0, 0, 0, 1, 0),
(182, 173, 135, 0, 0, 0, 0, 1, 0),
(183, 173, 136, 0, 0, 0, 0, 1, 0),
(184, 174, 132, 0, 0, 0, 0, 1, 0),
(185, 174, 135, 0, 0, 0, 0, 1, 0),
(186, 174, 136, 0, 0, 0, 0, 1, 0),
(187, 175, 1, 0, 0, 0, 0, 1, 0),
(188, 175, 2, 0, 0, 0, 0, 1, 0),
(189, 175, 5, 0, 0, 0, 0, 1, 0),
(190, 175, 6, 0, 0, 0, 0, 1, 0),
(191, 176, 1, 0, 0, 0, 0, 1, 0),
(192, 176, 2, 0, 0, 0, 0, 1, 0),
(193, 176, 3, 0, 0, 0, 0, 1, 0),
(194, 176, 4, 0, 0, 0, 0, 1, 0),
(195, 176, 5, 0, 0, 0, 0, 1, 0),
(196, 177, 132, 0, 0, 0, 0, 1, 0),
(197, 177, 135, 0, 0, 0, 0, 1, 0),
(198, 177, 136, 0, 0, 0, 0, 1, 0),
(199, 178, 132, 0, 0, 0, 0, 1, 0),
(200, 178, 135, 0, 0, 0, 0, 1, 0),
(201, 178, 136, 0, 0, 0, 0, 1, 0),
(202, 179, 132, 0, 0, 0, 0, 1, 0),
(203, 179, 135, 0, 0, 0, 0, 1, 0),
(204, 179, 136, 0, 0, 0, 0, 1, 0),
(205, 180, 132, 0, 0, 0, 0, 1, 0),
(206, 180, 135, 0, 0, 0, 0, 1, 0),
(207, 180, 136, 0, 0, 0, 0, 1, 0),
(208, 181, 132, 0, 0, 0, 0, 1, 0),
(209, 181, 135, 0, 0, 0, 0, 1, 0),
(210, 181, 136, 0, 0, 0, 0, 1, 0),
(211, 182, 132, 0, 0, 0, 0, 1, 0),
(212, 182, 135, 0, 0, 0, 0, 1, 0),
(213, 182, 136, 0, 0, 0, 0, 1, 0),
(214, 183, 132, 0, 0, 0, 0, 1, 0),
(215, 183, 135, 0, 0, 0, 0, 1, 0),
(216, 183, 136, 0, 0, 0, 0, 1, 0),
(217, 184, 132, 0, 0, 0, 0, 1, 0),
(218, 184, 135, 0, 0, 0, 0, 1, 0),
(219, 184, 136, 0, 0, 0, 0, 1, 0),
(220, 185, 132, 0, 0, 0, 0, 1, 0),
(221, 185, 135, 0, 0, 0, 0, 1, 0),
(222, 185, 136, 0, 0, 0, 0, 1, 0),
(223, 186, 132, 0, 0, 0, 0, 1, 0),
(224, 186, 135, 0, 0, 0, 0, 1, 0),
(225, 186, 136, 0, 0, 0, 0, 1, 0),
(226, 187, 132, 0, 0, 0, 0, 1, 0),
(227, 187, 135, 0, 0, 0, 0, 1, 0),
(228, 187, 168, 0, 0, 0, 0, 1, 0),
(229, 187, 169, 0, 0, 0, 0, 1, 0),
(230, 188, 1, 0, 0, 0, 0, 1, 0),
(231, 188, 2, 0, 0, 0, 0, 1, 0),
(232, 188, 5, 0, 0, 0, 0, 1, 0),
(233, 188, 6, 0, 0, 0, 0, 1, 0),
(234, 189, 132, 0, 0, 0, 0, 1, 0),
(235, 189, 135, 0, 0, 0, 0, 1, 0),
(236, 189, 168, 0, 0, 0, 0, 1, 0),
(237, 189, 169, 0, 0, 0, 0, 1, 0),
(238, 190, 1, 0, 0, 0, 0, 1, 0),
(239, 190, 2, 0, 0, 0, 0, 1, 0),
(240, 190, 5, 0, 0, 0, 0, 1, 0),
(241, 190, 6, 0, 0, 0, 0, 1, 0),
(242, 191, 132, 0, 0, 0, 0, 1, 0),
(243, 191, 135, 0, 0, 0, 0, 1, 0),
(244, 191, 168, 0, 0, 0, 0, 1, 0),
(245, 191, 169, 0, 0, 0, 0, 1, 0),
(246, 192, 132, 0, 0, 0, 0, 1, 0),
(247, 192, 135, 0, 0, 0, 0, 1, 0),
(248, 192, 168, 0, 0, 0, 0, 1, 0),
(249, 192, 169, 0, 0, 0, 0, 1, 0),
(250, 193, 132, 0, 0, 0, 0, 1, 0),
(251, 193, 135, 0, 0, 0, 0, 1, 0),
(252, 193, 168, 0, 0, 0, 0, 1, 0),
(253, 193, 169, 0, 0, 0, 0, 1, 0),
(254, 194, 132, 0, 0, 0, 0, 1, 0),
(255, 194, 135, 0, 0, 0, 0, 1, 0),
(256, 194, 168, 0, 0, 0, 0, 1, 0),
(257, 194, 169, 0, 0, 0, 0, 1, 0),
(258, 195, 132, 0, 0, 0, 0, 1, 0),
(259, 195, 135, 0, 0, 0, 0, 1, 0),
(260, 195, 168, 0, 0, 0, 0, 1, 0),
(261, 195, 169, 0, 0, 0, 0, 1, 0),
(262, 196, 132, 0, 0, 0, 0, 1, 0),
(263, 196, 135, 0, 0, 0, 0, 1, 0),
(264, 196, 168, 0, 0, 0, 0, 1, 0),
(265, 196, 169, 0, 0, 0, 0, 1, 0),
(266, 197, 132, 0, 0, 0, 0, 1, 0),
(267, 197, 135, 0, 0, 0, 0, 1, 0),
(268, 197, 168, 0, 0, 0, 0, 1, 0),
(269, 197, 169, 0, 0, 0, 0, 1, 0),
(270, 198, 132, 0, 0, 0, 0, 1, 0),
(271, 198, 135, 0, 0, 0, 0, 1, 0),
(272, 198, 168, 0, 0, 0, 0, 1, 0),
(273, 198, 169, 0, 0, 0, 0, 1, 0),
(274, 199, 132, 0, 0, 0, 0, 1, 0),
(275, 199, 135, 0, 0, 0, 0, 1, 0),
(276, 199, 168, 0, 0, 0, 0, 1, 0),
(277, 199, 169, 0, 0, 0, 0, 1, 0),
(278, 200, 1, 0, 0, 0, 0, 1, 0),
(279, 200, 2, 0, 0, 0, 0, 1, 0),
(280, 200, 5, 0, 0, 0, 0, 1, 0),
(281, 200, 6, 0, 0, 0, 0, 1, 0),
(282, 201, 132, 0, 0, 0, 0, 1, 0),
(283, 201, 135, 0, 0, 0, 0, 1, 0),
(284, 201, 168, 0, 0, 0, 0, 1, 0),
(285, 201, 169, 0, 0, 0, 0, 1, 0),
(286, 202, 1, 0, 0, 0, 0, 1, 0),
(287, 202, 2, 0, 0, 0, 0, 1, 0),
(288, 202, 5, 0, 0, 0, 0, 1, 0),
(289, 202, 6, 0, 0, 0, 0, 1, 0),
(290, 203, 1, 0, 0, 0, 0, 1, 0),
(291, 203, 2, 0, 0, 0, 0, 1, 0),
(292, 203, 5, 0, 0, 0, 0, 1, 0),
(293, 203, 6, 0, 0, 0, 0, 1, 0),
(294, 214, 185, 0, 0, 0, 0, 1, 0),
(295, 214, 195, 0, 0, 0, 0, 1, 0),
(296, 214, 196, 0, 0, 0, 0, 1, 0),
(297, 214, 197, 0, 0, 0, 0, 1, 0),
(298, 214, 198, 0, 0, 0, 0, 1, 0),
(299, 214, 204, 0, 0, 0, 0, 1, 0),
(300, 214, 205, 0, 0, 0, 0, 1, 0),
(301, 214, 206, 0, 0, 0, 0, 1, 0),
(302, 215, 162, 0, 0, 0, 0, 1, 0),
(303, 215, 163, 0, 0, 0, 0, 1, 0),
(304, 215, 164, 0, 0, 0, 0, 1, 0),
(305, 216, 162, 0, 0, 0, 0, 1, 0),
(306, 216, 163, 0, 0, 0, 0, 1, 0),
(307, 216, 164, 0, 0, 0, 0, 1, 0),
(308, 217, 162, 0, 0, 0, 0, 1, 0),
(309, 217, 163, 0, 0, 0, 0, 1, 0),
(310, 217, 164, 0, 0, 0, 0, 1, 0),
(311, 217, 207, 0, 0, 0, 0, 1, 0),
(312, 218, 162, 0, 0, 0, 0, 1, 0),
(313, 218, 163, 0, 0, 0, 0, 1, 0),
(314, 218, 164, 0, 0, 0, 0, 1, 0),
(315, 218, 207, 0, 0, 0, 0, 1, 0),
(316, 219, 162, 0, 0, 0, 0, 1, 0),
(317, 219, 163, 0, 0, 0, 0, 1, 0),
(318, 219, 164, 0, 0, 0, 0, 1, 0),
(319, 219, 207, 0, 0, 0, 0, 1, 0),
(320, 220, 162, 0, 0, 0, 0, 1, 0),
(321, 220, 163, 0, 0, 0, 0, 1, 0),
(322, 220, 164, 0, 0, 0, 0, 1, 0),
(323, 220, 207, 0, 0, 0, 0, 1, 0),
(324, 221, 132, 0, 0, 0, 0, 1, 0),
(325, 221, 210, 0, 0, 0, 0, 1, 0),
(326, 221, 212, 0, 0, 0, 0, 1, 0),
(327, 221, 213, 0, 0, 0, 0, 1, 0),
(328, 222, 195, 0, 0, 0, 0, 1, 0),
(329, 222, 196, 0, 0, 0, 0, 1, 0),
(330, 222, 197, 0, 0, 0, 0, 1, 0),
(331, 222, 198, 0, 0, 0, 0, 1, 0),
(332, 222, 204, 0, 0, 0, 0, 1, 0),
(333, 222, 208, 0, 0, 0, 0, 1, 0),
(334, 222, 209, 0, 0, 0, 0, 1, 0),
(335, 222, 214, 0, 0, 0, 0, 1, 0),
(336, 223, 195, 0, 0, 0, 0, 1, 0),
(337, 223, 196, 0, 0, 0, 0, 1, 0),
(338, 223, 197, 0, 0, 0, 0, 1, 0),
(339, 223, 198, 0, 0, 0, 0, 1, 0),
(340, 223, 204, 0, 0, 0, 0, 1, 0),
(341, 223, 208, 0, 0, 0, 0, 1, 0),
(342, 223, 209, 0, 0, 0, 0, 1, 0),
(343, 223, 214, 0, 0, 0, 0, 1, 0),
(344, 224, 195, 0, 0, 0, 0, 1, 0),
(345, 224, 196, 0, 0, 0, 0, 1, 0),
(346, 224, 197, 0, 0, 0, 0, 1, 0),
(347, 224, 198, 0, 0, 0, 0, 1, 0),
(348, 224, 204, 0, 0, 0, 0, 1, 0),
(349, 224, 208, 0, 0, 0, 0, 1, 0),
(350, 224, 209, 0, 0, 0, 0, 1, 0),
(351, 224, 214, 0, 0, 0, 0, 1, 0),
(352, 225, 195, 0, 0, 0, 0, 1, 0),
(353, 225, 196, 0, 0, 0, 0, 1, 0),
(354, 225, 198, 0, 0, 0, 0, 1, 0),
(355, 225, 204, 0, 0, 0, 0, 1, 0),
(356, 225, 217, 0, 0, 0, 0, 1, 0),
(357, 225, 218, 0, 0, 0, 0, 1, 0),
(358, 226, 132, 0, 0, 0, 0, 1, 0),
(359, 226, 210, 0, 0, 0, 0, 1, 0),
(360, 226, 212, 0, 0, 0, 0, 1, 0),
(361, 226, 213, 0, 0, 0, 0, 1, 0),
(362, 226, 224, 0, 0, 0, 0, 1, 0),
(363, 227, 132, 0, 0, 0, 0, 1, 0),
(364, 227, 210, 0, 0, 0, 0, 1, 0),
(365, 227, 212, 0, 0, 0, 0, 1, 0),
(366, 227, 213, 0, 0, 0, 0, 1, 0),
(367, 227, 224, 0, 0, 0, 0, 1, 0),
(368, 228, 132, 0, 0, 0, 0, 1, 0),
(369, 228, 210, 0, 0, 0, 0, 1, 0),
(370, 228, 213, 0, 0, 0, 0, 1, 0),
(371, 228, 224, 0, 0, 0, 0, 1, 0),
(372, 229, 236, 0, 0, 0, 0, 1, 0),
(373, 229, 238, 0, 0, 0, 0, 1, 0),
(374, 229, 240, 0, 0, 0, 0, 1, 0),
(375, 230, 244, 150, 150, 0, 0, 1, 2),
(376, 230, 245, 150, 150, 0, 0, 1, 2),
(377, 230, 246, 50, 50, 0, 0, 4, 2),
(378, 231, 249, 150, 150, 0, 0, 1, 2),
(379, 231, 250, 150, 150, 0, 0, 1, 2),
(380, 231, 251, 50, 50, 0, 0, 4, 2),
(381, 232, 261, 150, 150, 0, 0, 1, 2),
(382, 232, 262, 150, 150, 0, 0, 1, 2),
(383, 232, 263, 50, 50, 0, 0, 1, 2),
(384, 233, 260, 0, 0, 0, 0, 1, 0),
(385, 234, 275, 0, 0, 0, 0, 1, 0),
(386, 234, 276, 0, 0, 0, 0, 1, 0),
(387, 234, 277, 0, 0, 0, 0, 1, 0),
(388, 235, 288, 0, 0, 0, 0, 1, 0),
(389, 238, 290, 0, 0, 0, 0, 1, 0),
(390, 238, 295, 0, 0, 0, 0, 1, 0),
(391, 239, 290, 0, 0, 0, 0, 1, 0),
(392, 239, 295, 0, 0, 0, 0, 1, 0),
(393, 240, 290, 0, 0, 0, 0, 1, 0),
(394, 240, 295, 0, 0, 0, 0, 1, 0),
(395, 241, 290, 0, 0, 0, 0, 1, 0),
(396, 241, 295, 0, 0, 0, 0, 1, 0),
(397, 242, 290, 0, 0, 0, 0, 1, 0),
(398, 242, 295, 0, 0, 0, 0, 1, 0),
(399, 243, 290, 0, 0, 0, 0, 1, 0),
(400, 243, 295, 0, 0, 0, 0, 1, 0),
(401, 243, 296, 0, 0, 0, 0, 1, 0),
(402, 244, 290, 0, 0, 0, 0, 1, 0),
(403, 244, 295, 0, 0, 0, 0, 1, 0),
(404, 244, 296, 0, 0, 0, 0, 1, 0),
(405, 245, 290, 0, 0, 0, 0, 1, 0),
(406, 245, 295, 0, 0, 0, 0, 1, 0),
(407, 245, 296, 0, 0, 0, 0, 1, 0),
(408, 246, 290, 0, 0, 0, 0, 1, 0),
(409, 246, 295, 0, 0, 0, 0, 1, 0),
(410, 246, 296, 0, 0, 0, 0, 1, 0),
(411, 247, 290, 0, 0, 0, 0, 1, 0),
(412, 247, 295, 0, 0, 0, 0, 1, 0),
(413, 247, 296, 0, 0, 0, 0, 1, 0),
(414, 248, 290, 0, 0, 0, 0, 1, 0),
(415, 248, 295, 0, 0, 0, 0, 1, 0),
(416, 248, 296, 0, 0, 0, 0, 1, 0),
(417, 249, 290, 0, 0, 0, 0, 1, 0),
(418, 249, 295, 0, 0, 0, 0, 1, 0),
(419, 249, 296, 0, 0, 0, 0, 1, 0),
(420, 250, 290, 0, 0, 0, 0, 1, 0),
(421, 250, 295, 0, 0, 0, 0, 1, 0),
(422, 250, 296, 0, 0, 0, 0, 1, 0),
(423, 251, 290, 0, 0, 0, 0, 1, 0),
(424, 251, 295, 0, 0, 0, 0, 1, 0),
(425, 251, 296, 0, 0, 0, 0, 1, 0),
(426, 252, 290, 0, 0, 0, 0, 1, 0),
(427, 252, 295, 0, 0, 0, 0, 1, 0),
(428, 252, 296, 0, 0, 0, 0, 1, 0),
(429, 253, 290, 0, 0, 0, 0, 1, 0),
(430, 253, 295, 0, 0, 0, 0, 1, 0),
(431, 253, 296, 0, 0, 0, 0, 1, 0),
(432, 254, 290, 0, 0, 0, 0, 1, 0),
(433, 254, 295, 0, 0, 0, 0, 1, 0),
(434, 254, 296, 0, 0, 0, 0, 1, 0),
(435, 255, 290, 0, 0, 0, 0, 1, 0),
(436, 255, 295, 0, 0, 0, 0, 1, 0),
(437, 255, 296, 0, 0, 0, 0, 1, 0),
(438, 256, 290, 0, 0, 0, 0, 1, 0),
(439, 256, 295, 0, 0, 0, 0, 1, 0),
(440, 256, 296, 0, 0, 0, 0, 1, 0),
(441, 257, 290, 0, 0, 0, 0, 1, 0),
(442, 257, 295, 0, 0, 0, 0, 1, 0),
(443, 257, 296, 0, 0, 0, 0, 1, 0),
(444, 258, 290, 0, 0, 0, 0, 1, 0),
(445, 258, 295, 0, 0, 0, 0, 1, 0),
(446, 258, 296, 0, 0, 0, 0, 1, 0),
(447, 259, 290, 0, 0, 0, 0, 1, 0),
(448, 259, 295, 0, 0, 0, 0, 1, 0),
(449, 259, 296, 0, 0, 0, 0, 1, 0),
(450, 260, 290, 0, 0, 0, 0, 1, 0),
(451, 260, 295, 0, 0, 0, 0, 1, 0),
(452, 260, 296, 0, 0, 0, 0, 1, 0),
(453, 261, 290, 0, 0, 0, 0, 1, 0),
(454, 261, 295, 0, 0, 0, 0, 1, 0),
(455, 261, 296, 0, 0, 0, 0, 1, 0),
(456, 262, 290, 0, 0, 0, 0, 1, 0),
(457, 262, 295, 0, 0, 0, 0, 1, 0),
(458, 262, 296, 0, 0, 0, 0, 1, 0),
(459, 263, 290, 0, 0, 0, 0, 1, 0),
(460, 263, 295, 0, 0, 0, 0, 1, 0),
(461, 263, 296, 0, 0, 0, 0, 1, 0),
(462, 264, 290, 0, 0, 0, 0, 1, 0),
(463, 264, 295, 0, 0, 0, 0, 1, 0),
(464, 264, 296, 0, 0, 0, 0, 1, 0);

-- --------------------------------------------------------

--
-- Table structure for table `products`
--

CREATE TABLE IF NOT EXISTS `products` (
  `product_id` int(30) NOT NULL AUTO_INCREMENT,
  `agent_id` int(22) NOT NULL,
  `hotel_id` int(11) NOT NULL,
  `item_type` tinyint(4) NOT NULL COMMENT '1=hotel items, 2=grocerry items',
  `prod_type` tinyint(4) NOT NULL COMMENT '(1=category,2=Cuisine)',
  `cuisine_id` int(11) NOT NULL,
  `category_id` int(22) NOT NULL,
  `name` varchar(120) NOT NULL,
  `prod_desc` text NOT NULL,
  `imagelink` text NOT NULL,
  `cost` float NOT NULL,
  `product_discount` int(11) NOT NULL,
  `product_discount_type` tinyint(4) NOT NULL COMMENT '(1=%,2=amount)',
  `delivery_time` int(11) NOT NULL COMMENT '1= 1mins, integer will be counted as minutes',
  `prod_status` tinyint(4) NOT NULL COMMENT '1=Available. 2=Unavialable',
  `added_date` datetime NOT NULL,
  `servicetax` int(50) NOT NULL,
  PRIMARY KEY (`product_id`)
) ENGINE=InnoDB  DEFAULT CHARSET=latin1 AUTO_INCREMENT=39 ;

--
-- Dumping data for table `products`
--

INSERT INTO `products` (`product_id`, `agent_id`, `hotel_id`, `item_type`, `prod_type`, `cuisine_id`, `category_id`, `name`, `prod_desc`, `imagelink`, `cost`, `product_discount`, `product_discount_type`, `delivery_time`, `prod_status`, `added_date`, `servicetax`) VALUES
(1, 1, 1, 1, 0, 0, 2, 'Pizzas', 'There''s no better feeling in the world than a warm pizza box on your lap.', 'http://api.ziingo.globusapps.com/assets/productimages/Pizzas.jpg', 400, 0, 2, 30, 1, '2015-12-11 00:00:00', 20),
(2, 1, 1, 1, 0, 0, 1, 'Veg Manchuria', 'All you need is love. But a little Manchurian now  will be awesome. ', '/assets/productimages/2/index12.jpg', 150, 0, 2, 0, 1, '0000-00-00 00:00:00', 20),
(3, 1, 1, 1, 0, 0, 3, 'PaniPuri', 'After Couple of Panipuri with us, one can forgive anybody, even their ex too.', 'http://api.ziingo.globusapps.com/assets/productimages/PaniPuri.jpg', 150, 0, 0, 0, 1, '0000-00-00 00:00:00', 5),
(4, 1, 2, 0, 0, 0, 2, 'Chilli Panner', 'There is no love sincerer than the love of Chilli Paneer.', 'http://api.ziingo.globusapps.com/assets/productimages/Chilli Panner.jpg', 150, 0, 0, 0, 1, '0000-00-00 00:00:00', 13),
(5, 1, 2, 1, 0, 0, 2, 'Spring Rolls', 'If anything is good for pounding humility into you permanently, it''s the spring rolls.', 'http://api.ziingo.globusapps.com/assets/productimages/springroll.jpg', 150, 0, 0, 0, 1, '0000-00-00 00:00:00', 20),
(6, 2, 2, 1, 0, 0, 1, 'Brain Hemorrhage', 'Give Your Brain a Relaxing time with our Brain Hemorrhage.', 'http://api.ziingo.globusapps.com/assets/productimages/juice.jpg', 50, 0, 0, 15, 1, '2015-12-08 00:00:00', 30),
(7, 4, 4, 1, 0, 0, 4, 'gobi 65', 'Missing your home, come let''s share the feeling with our awesome gobi 65. ', 'http://api.ziingo.globusapps.com/assets/productimages/gobichilly.jpg', 80, 0, 0, 30, 1, '2015-12-23 00:00:00', 8),
(8, 3, 5, 1, 0, 0, 6, 'Dumplings', 'Give Yourself a reason to smile by tasting our Dumplings. ', 'http://api.ziingo.globusapps.com/assets/productimages/dumplings.jpg', 60, 0, 0, 30, 1, '2015-12-16 00:00:00', 5),
(9, 2, 4, 1, 0, 0, 3, 'Masala Pav', 'The easiest way of adding spice to your life is by taking our masala pav.', 'http://api.ziingo.globusapps.com/assets/productimages/masalapav.jpg', 60, 0, 0, 30, 1, '2015-12-16 00:00:00', 10),
(10, 2, 7, 1, 0, 0, 5, 'Chapati', 'Missing your home, come let''s share the feeling with our awesome chapati. ', 'http://api.ziingo.globusapps.com/assets/productimages/chapati.jpg', 60, 0, 0, 30, 1, '2015-12-16 00:00:00', 5),
(11, 4, 10, 1, 0, 0, 4, 'steam rice', 'Increase the hotness quotient of yourself by getting our Steam Rice.', 'http://api.ziingo.globusapps.com/assets/productimages/steamrice.jpg', 10, 0, 0, 10, 1, '2015-12-23 00:00:00', 5),
(12, 1, 11, 1, 0, 0, 5, 'Biriyani', ' If your Girlfriend Chooses our Biryani over shopping then marry her.', 'http://api.ziingo.globusapps.com/assets/productimages/Biriyani.jpg', 10, 0, 0, 10, 1, '2015-12-23 00:00:00', 20),
(13, 1, 11, 1, 0, 0, 5, 'Thali', 'Thali: Redefine the meaning of delicious by tasting our Thali.', 'http://api.ziingo.globusapps.com/assets/productimages/thali.jpg', 10, 0, 0, 10, 1, '2015-12-23 00:00:00', 5),
(14, 1, 1, 1, 0, 0, 5, 'Thali', 'Thali: Redefine the meaning of delicious by tasting our Thali.', 'http://api.ziingo.globusapps.com/assets/productimages/thali.jpg', 10, 0, 0, 10, 1, '2015-12-23 00:00:00', 5),
(15, 1, 1, 1, 0, 0, 6, 'Chowmin', 'Taste our Chowmin and Get the Essence of China in Free.\r\n', 'http://api.ziingo.globusapps.com/assets/productimages/chowmin.jpg', 60, 0, 0, 30, 1, '2015-12-23 00:00:00', 8),
(16, 1, 1, 1, 0, 0, 2, 'Spring roll', 'If anything is good for pounding humility into you permanently, it''s the spring rolls.', 'http://api.ziingo.globusapps.com/assets/productimages/springroll.jpg', 60, 0, 0, 30, 1, '2015-12-23 00:00:00', 7),
(17, 1, 1, 1, 0, 0, 1, 'health drink', 'Who said just beer is awesome? Come and taste our Health Drink and redefine Awesomeness.', 'http://api.ziingo.globusapps.com/assets/productimages/juice.jpg', 60, 0, 0, 30, 1, '2015-12-23 00:00:00', 10),
(18, 2, 3, 1, 0, 0, 1, 'Soft Drink', 'Who said just beer is awesome? Come and taste our Soft Drink and redefine Awesomeness.', 'http://api.ziingo.globusapps.com/assets/softdrink.jpg', 50, 0, 0, 15, 1, '2015-12-21 00:00:00', 20),
(19, 8, 12, 1, 0, 0, 3, 'Kheer', 'sweety Kheer', 'http://ziingo.globusapps.com/themes/agent/skin/productimages/19/images21.jpg', 100, 0, 0, 0, 1, '0000-00-00 00:00:00', 0),
(20, 8, 12, 1, 0, 0, 4, 'South Indian thali', 'Tasty Thali', 'http://ziingo.globusapps.com/themes/agent/skin/productimages/20/index20.jpg', 100, 0, 0, 0, 1, '0000-00-00 00:00:00', 0),
(21, 8, 13, 1, 0, 0, 2, 'IndianSamosa', 'Hot and Spicy', 'http://ziingo.globusapps.com/themes/agent/skin/productimages/21/index7.jpg', 150, 0, 0, 0, 1, '0000-00-00 00:00:00', 0),
(22, 8, 14, 1, 0, 0, 3, 'NagpurSamosa', 'Famous Samosa', 'http://ziingo.globusapps.com/themes/agent/skin/productimages/22/index7.jpg', 200, 0, 0, 0, 1, '0000-00-00 00:00:00', 0),
(23, 8, 13, 1, 0, 0, 6, 'Chinese Noodles', 'Long and Non sticky Noodles', 'http://ziingo.globusapps.com/themes/agent/skin/productimages/23/index12.jpg', 200, 0, 0, 0, 1, '0000-00-00 00:00:00', 0),
(24, 8, 14, 1, 0, 0, 8, 'Italian Grilled Chicken', 'Outside peppery and inside softy italian chicken', 'http://ziingo.globusapps.com/themes/agent/skin/productimages/24/index13.jpg', 150, 0, 0, 0, 1, '0000-00-00 00:00:00', 0),
(25, 8, 15, 1, 0, 0, 7, 'Thai Fish', 'Soupy and Spicy hot fish', 'http://ziingo.globusapps.com/themes/agent/skin/productimages/25/index11.jpg', 200, 0, 0, 0, 1, '0000-00-00 00:00:00', 0),
(26, 8, 15, 1, 0, 0, 3, 'Desi Gulab jamun', 'sugary and juicy jamun', 'http://ziingo.globusapps.com/themes/agent/skin/productimages/26/index15.jpg', 100, 0, 0, 0, 1, '0000-00-00 00:00:00', 0),
(27, 8, 16, 1, 0, 0, 5, 'indian Matka pulav', 'Hot and spicy pulav in 5mins', 'http://ziingo.globusapps.com/themes/agent/skin/productimages/27/index18.jpg', 200, 0, 0, 0, 1, '0000-00-00 00:00:00', 0),
(28, 8, 16, 1, 0, 0, 1, 'Elachi Chai', 'Tasy Elachi Lavange chai', 'http://ziingo.globusapps.com/themes/agent/skin/productimages/28/index22.jpg', 20, 0, 0, 0, 1, '0000-00-00 00:00:00', 0),
(29, 8, 17, 1, 0, 0, 4, 'Mushroom Veg Biryani', 'Healthy Grilled Mushrooms', 'http://ziingo.globusapps.com/themes/agent/skin/productimages/29/index6.jpg', 100, 0, 0, 0, 1, '0000-00-00 00:00:00', 0),
(30, 8, 17, 1, 0, 0, 2, 'Fruit salad', 'Tuty Fruity and honey salads', 'http://ziingo.globusapps.com/themes/agent/skin/productimages/30/index17.jpg', 150, 0, 0, 0, 1, '0000-00-00 00:00:00', 0),
(31, 8, 18, 1, 0, 0, 4, 'Butter Naans', 'Cheese and Buttery Naans', 'http://ziingo.globusapps.com/themes/agent/skin/productimages/31/index2.jpg', 100, 0, 0, 0, 1, '0000-00-00 00:00:00', 0),
(32, 8, 19, 1, 0, 0, 3, 'Fish rools', 'Soft and crispy Fish Rolls', 'http://ziingo.globusapps.com/themes/agent/skin/productimages/32/index14.jpg', 100, 0, 0, 0, 1, '0000-00-00 00:00:00', 0),
(33, 8, 20, 1, 0, 0, 6, 'Chinnese Noodles', 'plain and medium spicey noodles', 'http://ziingo.globusapps.com/themes/agent/skin/productimages/33/index12.jpg', 100, 0, 0, 0, 1, '0000-00-00 00:00:00', 0),
(34, 8, 20, 1, 0, 0, 4, 'plain mixed Biryani', 'palin non veg mixed biryani', 'http://ziingo.globusapps.com/themes/agent/skin/productimages/34/index1.jpg', 100, 0, 0, 0, 1, '0000-00-00 00:00:00', 0),
(35, 8, 21, 1, 0, 0, 5, 'panner Butter Masala', 'Tasty Veg panner Curry', 'http://ziingo.globusapps.com/themes/agent/skin/productimages/35/index.jpg', 100, 0, 0, 0, 1, '0000-00-00 00:00:00', 0),
(36, 8, 21, 1, 0, 0, 2, 'Pav baji', 'Hot and Spicy Vada Pav', 'http://ziingo.globusapps.com/themes/agent/skin/productimages/36/index9.jpg', 100, 0, 0, 0, 1, '0000-00-00 00:00:00', 0),
(37, 8, 22, 1, 0, 0, 7, 'Chicken Kababs', 'Crispy Chicken Kababs', 'http://ziingo.globusapps.com/themes/agent/skin/productimages/37/index5.jpg', 100, 0, 0, 0, 1, '0000-00-00 00:00:00', 0),
(38, 8, 22, 1, 0, 0, 4, 'Hyderabadi Dum Biryani', 'Finger Licking Tasty Hyderabadi dum Biryani', 'http://ziingo.globusapps.com/themes/agent/skin/productimages/38/index16.jpg', 100, 0, 0, 0, 1, '0000-00-00 00:00:00', 0);

-- --------------------------------------------------------

--
-- Table structure for table `usermeta`
--

CREATE TABLE IF NOT EXISTS `usermeta` (
  `umeta_id` int(22) NOT NULL AUTO_INCREMENT,
  `user_id` int(22) NOT NULL,
  `first_name` varchar(60) NOT NULL,
  `last_name` varchar(60) NOT NULL,
  `phone` varchar(11) NOT NULL,
  `city` varchar(20) NOT NULL,
  `state` varchar(20) NOT NULL,
  `country` varchar(20) NOT NULL,
  `address` text NOT NULL,
  PRIMARY KEY (`umeta_id`)
) ENGINE=InnoDB  DEFAULT CHARSET=latin1 AUTO_INCREMENT=61 ;

--
-- Dumping data for table `usermeta`
--

INSERT INTO `usermeta` (`umeta_id`, `user_id`, `first_name`, `last_name`, `phone`, `city`, `state`, `country`, `address`) VALUES
(1, 1, 'aaa', 'sss', '555', 'sdf', 'sDF', 'sfl', 'dfbg'),
(2, 0, '', '', '', '', '', '', ''),
(3, 2, '', '', '', '', '', '', ''),
(4, 3, '', '', '', '', '', '', ''),
(5, 4, 'lakshmi', '', '', '', '', '', ''),
(6, 5, '', '', '', '', '', '', ''),
(7, 6, 'anu', 'kaurav', '45596', 'dggv', 'dhhb', 'gjb', 'dyjk'),
(8, 7, '', '', '', '', '', '', ''),
(9, 8, '', '', '', '', '', '', ''),
(10, 0, '', '', '', '', '', '', ''),
(11, 0, '', '', '', '', '', '', ''),
(12, 9, '', '', '', '', '', '', ''),
(13, 10, '', '', '', '', '', '', ''),
(14, 11, '', '', '', '', '', '', ''),
(15, 12, '', '', '', '', '', '', ''),
(16, 13, '', '', '', '', '', '', ''),
(17, 14, '', '', '', '', '', '', ''),
(18, 15, 'aaa', 'sss', '555', 'sdf', 'sDF', 'sf', 'dfbg'),
(19, 16, '', '', '', '', '', '', ''),
(20, 17, '', '', '', '', '', '', ''),
(21, 18, '', '', '', '', '', '', ''),
(22, 19, '', '', '', '', '', '', ''),
(23, 22, '', '', '', '', '', '', ''),
(24, 25, '', '', '', '', '', '', ''),
(25, 26, '', '', '', '', '', '', ''),
(26, 28, '', '', '', '', '', '', ''),
(27, 29, '', '', '', '', '', '', ''),
(28, 30, '', '', '', '', '', '', ''),
(29, 31, '', '', '', '', '', '', ''),
(30, 32, '', '', '', '', '', '', ''),
(31, 0, '', '', '', '', '', '', ''),
(32, 0, '', '', '', '', '', '', ''),
(33, 0, '', '', '', '', '', '', ''),
(34, 0, '', '', '', '', '', '', ''),
(35, 33, '', '', '', '', '', '', ''),
(36, 34, '', '', '', '', '', '', ''),
(37, 35, 'dghb', 'fgnh', '67', 'fgnh', 'fgnhf', 'fgh', 'fhg'),
(38, 36, '', '', '', '', '', '', ''),
(39, 34, '', '', '', '', '', '', ''),
(40, 35, 'dghb', 'fgnh', '67', 'fgnh', 'fgnhf', 'fgh', 'fhg'),
(41, 36, '', '', '', '', '', '', ''),
(42, 37, '', '', '', '', '', '', ''),
(43, 38, '', '', '', '', '', '', ''),
(44, 39, '', '', '', '', '', '', ''),
(45, 40, '', '', '', '', '', '', ''),
(46, 41, '', '', '', '', '', '', ''),
(47, 42, '', '', '', '', '', '', ''),
(48, 43, '', '', '', '', '', '', ''),
(49, 44, 'World', 'Six44', 'Xxxxxx', 'Bangalore', 'Karnataka', 'India', 'Indira Nagar'),
(50, 45, 'Test', 'User45', 'xx', 'Bangalore', 'Karnataka', 'India', 'Done'),
(51, 46, 'Test', 'Two46', 'Xxxxx', 'Bangalore', 'Karnataka', 'India', 'Done'),
(52, 47, '', '', '', '', '', '', ''),
(53, 48, '', '', '', '', '', '', ''),
(54, 49, '', '', '', '', '', '', ''),
(55, 50, 'Test', 'Test', 'Test', 'Test', 'Test', 'Test', 'Test'),
(56, 51, 'Teestest', 'Test', 'Test', 'Test', 'Test', 'Test', 'Test'),
(57, 52, 'Test', 'Test', 'Test', 'Test', 'Test', 'Test', 'Test'),
(58, 53, 'Et', 'We', 'We', 'Erer', 'Er', 'We', 'We'),
(59, 54, 'We', 'We', 'We', 'Erer', 'We', 'Er', 'We'),
(60, 55, 'fgb', 'dfbg', '451', 'dfv', 'df', 'ih', 'dfv');

-- --------------------------------------------------------

--
-- Table structure for table `users`
--

CREATE TABLE IF NOT EXISTS `users` (
  `user_id` int(11) NOT NULL AUTO_INCREMENT,
  `uname` varchar(60) NOT NULL,
  `email` varchar(120) NOT NULL,
  `password` varchar(120) DEFAULT NULL,
  `fb_id` varchar(200) NOT NULL,
  `twt_id` varchar(200) NOT NULL,
  `status` tinyint(4) NOT NULL,
  `role` tinyint(4) NOT NULL,
  `reg_date` datetime NOT NULL,
  PRIMARY KEY (`user_id`)
) ENGINE=InnoDB  DEFAULT CHARSET=latin1 AUTO_INCREMENT=56 ;

--
-- Dumping data for table `users`
--

INSERT INTO `users` (`user_id`, `uname`, `email`, `password`, `fb_id`, `twt_id`, `status`, `role`, `reg_date`) VALUES
(4, 'priyanka', 'priyankav@globussoft.com', 'd44e9cb73db6a98717dba05be1804a91', '', '', 1, 1, '2015-12-07 11:47:22'),
(16, 'halo', 'halo@gmail.com', '57f842286171094855e51fc3a541c1e2', '', '', 1, 1, '2016-01-14 10:12:35'),
(17, 'iPhone', 'iphone@gmail.com', '912ec803b2ce49e4a541068d495ab570', '', '', 1, 1, '2016-01-14 10:21:56'),
(18, 'Bala Gloubssoft', 'balasubramanianm@globussoft.com', NULL, '158441987858628', '', 1, 1, '2016-01-14 11:20:18'),
(19, 'Dingo', 'dingo@gmail.com', 'f5c226e5044e5df05ce49e9eb0bcac1c', '', '', 1, 1, '2016-01-14 12:28:15'),
(21, 'globussoft', 'globus@globussoft.com', '6035dc34d4acd0048977170eba5b87089887c281', '', '', 1, 2, '2016-01-14 14:25:55'),
(22, 'Man', 'man@gmail.com', '912ec803b2ce49e4a541068d495ab570', '', '', 1, 1, '2016-01-15 14:28:07'),
(24, 'globus', 'ziingo@globussoft.com', '63e59f8b96ea2b8bcda7ebe4e575c52444d149f4', '', '', 1, 2, '2016-01-19 05:54:35'),
(25, 'great', 'great@gmail.com', 'acaa16770db76c1ffb9cee51c3cabfcf', '', '', 1, 1, '2016-01-19 10:04:09'),
(29, 'bala', 'bala@gmail.com', '213c27b53a356cf92a77e2df30fe4653', '', '', 1, 1, '2016-01-20 08:21:13'),
(31, 'mac', 'mac@gmail.com', 'ee99de87efdb231cbd1a80139a88cfc3', '', '', 1, 1, '2016-01-20 10:00:21'),
(32, 'Goodman', 'goodman@gmail.com', '4d7bc926f4494e8d40fdefcdacd8a018', '', '', 1, 1, '2016-01-20 11:29:25'),
(33, '', '', NULL, '', '4445070623', 1, 1, '2016-01-22 12:02:55'),
(34, 'fish', 'fish@gmail.com', '97102597e3b20fccc965f3d452f9395d', '', '', 1, 1, '2016-01-25 07:52:54'),
(36, 'people', 'people@gmail.com', 'e99ee50ce0eb2d2e76a24ad85ce23bd5', '', '', 1, 1, '2016-01-29 05:37:52'),
(37, 'World', 'world@gmail.com', '8804c9083822442756cbf0b9107cff25', '', '', 1, 1, '2016-01-29 05:46:17'),
(38, 'Worldone', 'worldone@gmail.com', '367496a7860c8dd71ee29ccc891f4fcb', '', '', 1, 1, '2016-01-29 05:48:20'),
(39, 'Worldtwo', 'worldtwo@gmail.com', '8804c9083822442756cbf0b9107cff25', '', '', 1, 1, '2016-01-29 05:52:06'),
(40, 'Worldone', 'worldonne@gmail.com', '8804c9083822442756cbf0b9107cff25', '', '', 1, 1, '2016-01-29 05:57:51'),
(41, 'Worldthree', 'worldthree@gmail.com', '8804c9083822442756cbf0b9107cff25', '', '', 1, 1, '2016-01-29 06:00:55'),
(42, 'worldfour', 'worldfour@gmail.com', '8804c9083822442756cbf0b9107cff25', '', '', 1, 1, '2016-01-29 06:04:38'),
(43, 'Worldfive', 'worldfive@gmail.com', '8804c9083822442756cbf0b9107cff25', '', '', 1, 1, '2016-01-29 06:16:45'),
(44, 'Worldsix', 'worldsix@gmail.com', '8804c9083822442756cbf0b9107cff25', '', '', 1, 1, '2016-01-29 06:19:41'),
(45, 'Test', 'test@gmail.com', '68358d5d9cbbf39fe571ba41f26524b6', '', '', 1, 1, '2016-01-29 06:24:20'),
(46, 'Test two', 'testtwo@gmail.com', '68358d5d9cbbf39fe571ba41f26524b6', '', '', 1, 1, '2016-01-29 06:29:57'),
(47, 'hud', 'hud@gmail.com', '16026a559eaa714c7bb12126fd8610f1', '', '', 1, 1, '2016-02-03 12:26:34'),
(48, 'Meet', 'meet@gmail.com', '83ec71dbfeee36da4763d3c105e0b7c8', '', '', 0, 1, '2016-02-03 12:30:05'),
(49, 'Kundu', 'Kundu@gmail.com', 'f0897f0b408aef467058f30cf310fbf2', '', '', 1, 1, '2016-02-03 12:36:33'),
(50, 'Move', 'move@gmail.com', 'da729077fd2803fef9d75c851e8d4c30', '', '', 1, 1, '2016-02-06 04:54:42'),
(51, 'Dude', 'dude@gmail.com', '1131152e0b3e974d7bf2e649e68da797', '', '', 1, 1, '2016-02-06 06:07:08'),
(52, 'Add', 'add@gmail.com', '608053efa09d41cafd67b74c54f063c3', '', '', 1, 1, '2016-02-06 06:09:10'),
(53, 'Min', 'min@gmail.com', 'ca9f983b808e679398388511f6f577e9', '', '', 1, 1, '2016-02-06 06:13:05'),
(54, 'Test55', 'test55@gmail.com', '68358d5d9cbbf39fe571ba41f26524b6', '', '', 1, 1, '2016-02-06 06:19:19'),
(55, 'ANURADHA', 'anuradhak@globussoft.com', 'a370cef29ab10d33351aab21bebffb62', '', '', 1, 1, '2016-02-11 12:20:54');

-- --------------------------------------------------------

--
-- Table structure for table `user_delivery_addr`
--

CREATE TABLE IF NOT EXISTS `user_delivery_addr` (
  `user_del_addr_id` int(22) NOT NULL AUTO_INCREMENT,
  `ordered_user_id` int(22) NOT NULL,
  `first_name` varchar(11) NOT NULL,
  `last_name` varchar(11) NOT NULL,
  `city` varchar(60) NOT NULL,
  `Contact_email` varchar(11) NOT NULL,
  `Contact_address` varchar(250) NOT NULL,
  `Contact_no` varchar(20) NOT NULL,
  `delivery_addr` text NOT NULL,
  `order_id` int(30) NOT NULL,
  `delivery_time` int(11) NOT NULL COMMENT 'time  will be consider as minutes',
  PRIMARY KEY (`user_del_addr_id`)
) ENGINE=InnoDB  DEFAULT CHARSET=latin1 AUTO_INCREMENT=118 ;

--
-- Dumping data for table `user_delivery_addr`
--

INSERT INTO `user_delivery_addr` (`user_del_addr_id`, `ordered_user_id`, `first_name`, `last_name`, `city`, `Contact_email`, `Contact_address`, `Contact_no`, `delivery_addr`, `order_id`, `delivery_time`) VALUES
(1, 4, '', '', 'telangana', '', '', '', 'bhimavaram', 6, 2015),
(2, 9, '', '', 'hyderabad', '', '', '', 'palakol', 11, 2015),
(3, 24, '', '', '', '', '', '', '{"fullname":"Ziingo","phone_no":"7412589632","address":"D\\/no:123,junwani, bhilai","cityname":"bhilai","statename":"chattisgarh","countryname":"india","landMark":"near appolo hospital"}', 148, 0),
(4, 24, '', '', '', '', '', '', '{"fullname":"Ziingo","phone_no":"7412589632","address":"D\\/no:123,junwani, bhilai","cityname":"bhilai","statename":"chattisgarh","countryname":"india","landMark":"near appolo hospital"}', 149, 0),
(5, 24, '', '', '', '', '', '', '{"fullname":"Ziingo","phone_no":"7412589632","address":"D\\/no:123,junwani, bhilai","cityname":"bhilai","statename":"chattisgarh","countryname":"india","landMark":"near appolo hospital"}', 150, 0),
(6, 24, '', '', '', '', '', '', '{"fullname":"Ziingo","phone_no":"7412589632","address":"D\\/no:123,junwani, bhilai","cityname":"bhilai","statename":"chattisgarh","countryname":"india","landMark":"near appolo hospital"}', 151, 0),
(7, 24, '', '', '', '', '', '', '{"fullname":"Ziingo","phone_no":"7412589632","address":"D\\/no:123,junwani, bhilai","cityname":"bhilai","statename":"chattisgarh","countryname":"india","landMark":"near appolo hospital"}', 152, 0),
(8, 24, '', '', '', '', '', '', '{"fullname":"Ziingo","phone_no":"7412589632","address":"D\\/no:123,junwani, bhilai","cityname":"bhilai","statename":"chattisgarh","countryname":"india","landMark":"near appolo hospital"}', 153, 0),
(9, 24, '', '', '', '', '', '', '{"fullname":"Ziingo","phone_no":"7412589632","address":"D\\/no:123,junwani, bhilai","cityname":"bhilai","statename":"chattisgarh","countryname":"india","landMark":"near appolo hospital"}', 154, 0),
(10, 24, '', '', '', '', '', '', '{"fullname":"Ziingo","phone_no":"7412589632","address":"D\\/no:123,junwani, bhilai","cityname":"bhilai","statename":"chattisgarh","countryname":"india","landMark":"near appolo hospital"}', 155, 0),
(11, 24, '', '', '', '', '', '', '{"fullname":"Ziingo","phone_no":"7412589632","address":"D\\/no:123,junwani, bhilai","cityname":"bhilai","statename":"chattisgarh","countryname":"india","landMark":"near appolo hospital"}', 156, 0),
(12, 24, '', '', '', '', '', '', '{"fullname":"Ziingo","phone_no":"7412589632","address":"D\\/no:123,junwani, bhilai","cityname":"bhilai","statename":"chattisgarh","countryname":"india","landMark":"near appolo hospital"}', 157, 0),
(13, 24, '', '', '', '', '', '', '{"fullname":"Ziingo","phone_no":"7412589632","address":"D\\/no:123,junwani, bhilai","cityname":"bhilai","statename":"chattisgarh","countryname":"india","landMark":"near appolo hospital"}', 158, 0),
(14, 24, '', '', '', '', '', '', '{"fullname":"Ziingo","phone_no":"7412589632","address":"D\\/no:123,junwani, bhilai","cityname":"bhilai","statename":"chattisgarh","countryname":"india","landMark":"near appolo hospital"}', 160, 0),
(15, 24, '', '', '', '', '', '', '{"fullname":"Ziingo","phone_no":"7412589632","address":"D\\/no:123,junwani, bhilai","cityname":"bhilai","statename":"chattisgarh","countryname":"india","landMark":"near appolo hospital"}', 162, 0),
(16, 24, '', '', '', '', '', '', '{"fullname":"Ziingo","phone_no":"7412589632","address":"D\\/no:123,junwani, bhilai","cityname":"bhilai","statename":"chattisgarh","countryname":"india","landMark":"near appolo hospital"}', 163, 0),
(17, 24, '', '', '', '', '', '', '{"fullname":"Ziingo","phone_no":"7412589632","address":"D\\/no:123,junwani, bhilai","cityname":"bhilai","statename":"chattisgarh","countryname":"india","landMark":"near appolo hospital"}', 164, 0),
(18, 24, '', '', '', '', '', '', '{"fullname":"Ziingo","phone_no":"7412589632","address":"D\\/no:123,junwani, bhilai","cityname":"bhilai","statename":"chattisgarh","countryname":"india","landMark":"near appolo hospital"}', 165, 0),
(19, 24, '', '', '', '', '', '', '{"fullname":"Ziingo","phone_no":"7412589632","address":"D\\/no:123,junwani, bhilai","cityname":"bhilai","statename":"chattisgarh","countryname":"india","landMark":"near appolo hospital"}', 166, 0),
(20, 24, '', '', '', '', '', '', '{"fullname":"Ziingo","phone_no":"7412589632","address":"D\\/no:123,junwani, bhilai","cityname":"bhilai","statename":"chattisgarh","countryname":"india","landMark":"near appolo hospital"}', 167, 0),
(21, 24, '', '', '', '', '', '', '{"fullname":"Ziingo","phone_no":"7412589632","address":"D\\/no:123,junwani, bhilai","cityname":"bhilai","statename":"chattisgarh","countryname":"india","landMark":"near appolo hospital"}', 168, 0),
(22, 15, '', '', '', '', '', '', '{"fullname":"anu k","phone_no":"7985","address":"fgn","cityname":"dfbg","statename":"dfb","countryname":"dk","landMark":"ddddd"}', 169, 0),
(23, 35, '', '', '', '', '', '', '{"fullname":"aa bb","phone_no":"11","address":"cc","cityname":"dd","statename":"ee","countryname":"India","landMark":""}', 170, 0),
(24, 35, '', '', '', '', '', '', '{"fullname":"aaa ssss","phone_no":"435","address":"ddd","cityname":"wetf","statename":"szgszg","countryname":"India","landMark":""}', 171, 0),
(25, 15, '', '', '', '', '', '', '{"fullname":"anu k","phone_no":"7985","address":"fgn","cityname":"dfbg","statename":"dfb","countryname":"dk","landMark":"ddddd"}', 172, 0),
(26, 35, '', '', '', '', '', '', '{"fullname":"anu radha","phone_no":"432","address":"aaas","cityname":"ssssss","statename":"sssssss","countryname":"India","landMark":""}', 173, 0),
(27, 35, '', '', '', '', '', '', '{"fullname":"asrvf aSDFvg","phone_no":"6754","address":"dfvg ","cityname":"zdgcnz","statename":"dbfg","countryname":"India","landMark":""}', 174, 0),
(28, 15, '', '', '', '', '', '', '{"fullname":"anu k","phone_no":"7985","address":"fgn","cityname":"dfbg","statename":"dfb","countryname":"dk","landMark":"ddddd"}', 175, 0),
(29, 24, '', '', '', '', '', '', '{"fullname":"Ziingo","phone_no":"7412589632","address":"D\\/no:123,junwani, bhilai","cityname":"bhilai","statename":"chattisgarh","countryname":"india","landMark":"near appolo hospital"}', 176, 0),
(30, 35, '', '', '', '', '', '', '{"fullname":"asdfg dsf","phone_no":"476","address":"sd","cityname":"sdeg","statename":"sdv","countryname":"India","landMark":""}', 177, 0),
(31, 35, '', '', '', '', '', '', '{"fullname":"sdf sdf","phone_no":"5427","address":"dsgvf","cityname":"sgvf","statename":"dvfg","countryname":"china","landMark":""}', 178, 0),
(32, 35, '', '', '', '', '', '', '{"fullname":"fgnx fcghb","phone_no":"574","address":"xfgnb","cityname":"xfgnbx","statename":"gnhg","countryname":"India","landMark":""}', 179, 0),
(33, 35, '', '', '', '', '', '', '{"fullname":"sdv zdfv","phone_no":"5765","address":"sdfvsd","cityname":"dfv","statename":"sdv","countryname":"India","landMark":""}', 180, 0),
(34, 35, '', '', '', '', '', '', '{"fullname":"asdv sdxfv","phone_no":"456","address":"drvg","cityname":"rsgvf","statename":"devrfg","countryname":"India","landMark":""}', 181, 0),
(35, 35, '', '', '', '', '', '', '{"fullname":"anu sdf","phone_no":"4565","address":"sdg","cityname":"dfb","statename":"dxfb","countryname":"India","landMark":""}', 182, 0),
(36, 35, '', '', '', '', '', '', '{"fullname":"aaa sss","phone_no":"433","address":"ddda","cityname":"saa","statename":"asdasa","countryname":"bangladesh","landMark":""}', 183, 0),
(37, 35, '', '', '', '', '', '', '{"fullname":"dhgfgg fgh","phone_no":"55496","address":"fgh","cityname":"fgh","statename":"ggh","countryname":"India","landMark":""}', 184, 0),
(38, 35, '', '', '', '', '', '', '{"fullname":"wsrg srfcg","phone_no":"67","address":"serfcgv","cityname":"erfcg","statename":"regfc","countryname":"India","landMark":""}', 185, 0),
(39, 35, '', '', '', '', '', '', '{"fullname":"dhg xgv","phone_no":"568968","address":"chb","cityname":"fhg","statename":"czc","countryname":"bangladesh","landMark":""}', 186, 0),
(40, 35, '', '', '', '', '', '', '{"fullname":"dbdhb ghmjg","phone_no":"5675","address":"fgvn","cityname":"t6hjf","statename":"cghnv","countryname":"India","landMark":""}', 187, 0),
(41, 15, '', '', '', '', '', '', '{"fullname":"anu k","phone_no":"7985","address":"fgn","cityname":"dfbg","statename":"dfb","countryname":"dk","landMark":"ddddd"}', 188, 0),
(42, 35, '', '', '', '', '', '', '{"fullname":"dfv dgc","phone_no":"99","address":"fvv","cityname":"dgv","statename":"chf","countryname":"bangladesh","landMark":""}', 189, 0),
(43, 15, '', '', '', '', '', '', '{"fullname":"anu k","phone_no":"7985","address":"fgn","cityname":"dfbg","statename":"dfb","countryname":"dk","landMark":"ddddd"}', 190, 0),
(44, 35, '', '', '', '', '', '', '{"fullname":"dthf fygh","phone_no":"4564","address":"fgyh","cityname":"xftgh","statename":"xfgt","countryname":"china","landMark":""}', 191, 0),
(45, 35, '', '', '', '', '', '', '{"fullname":"tyhd hrftghd","phone_no":"546","address":"rftg","cityname":"dfhg","statename":"gtfh","countryname":"India","landMark":""}', 192, 0),
(46, 35, '', '', '', '', '', '', '{"fullname":"fg fgh","phone_no":"45","address":"sfgh","cityname":"dfbd","statename":"fbc","countryname":"India","landMark":""}', 193, 0),
(47, 35, '', '', '', '', '', '', '{"fullname":"serg dfg","phone_no":"465465","address":"drfbd","cityname":"brfh","statename":"dgfr","countryname":"India","landMark":""}', 194, 0),
(48, 35, '', '', '', '', '', '', '{"fullname":"ftgbh dfhbd","phone_no":"45","address":"fhgd","cityname":"fgb","statename":"dfg","countryname":"India","landMark":""}', 195, 0),
(49, 35, '', '', '', '', '', '', '{"fullname":"adfv sg","phone_no":"7526","address":"sdgsdgvsgd","cityname":"sdfg","statename":"frtgh","countryname":"India","landMark":""}', 196, 0),
(50, 35, '', '', '', '', '', '', '{"fullname":"hgjgc fgnj","phone_no":"574","address":"fghdh","cityname":"dhgfg","statename":"dh","countryname":"India","landMark":""}', 197, 0),
(51, 35, '', '', '', '', '', '', '{"fullname":"dgjgd dydh","phone_no":"5675","address":"rth","cityname":"dcyhbn ","statename":"cghnj","countryname":"bangladesh","landMark":""}', 198, 0),
(52, 35, '', '', '', '', '', '', '{"fullname":"dgjgd dydh","phone_no":"5675","address":"rth","cityname":"dcyhbn ","statename":"cghnj","countryname":"bangladesh","landMark":""}', 199, 0),
(53, 15, '', '', '', '', '', '', '{"fullname":"anu k","phone_no":"7985","address":"fgn","cityname":"dfbg","statename":"dfb","countryname":"dk","landMark":"ddddd"}', 200, 0),
(54, 35, '', '', '', '', '', '', '{"fullname":"dgjgd dydh","phone_no":"5675","address":"rth","cityname":"dcyhbn ","statename":"cghnj","countryname":"bangladesh","landMark":""}', 201, 0),
(55, 15, '', '', '', '', '', '', '{"fullname":"anu k","phone_no":"7985","address":"fgn","cityname":"dfbg","statename":"dfb","countryname":"dk","landMark":"ddddd"}', 202, 0),
(56, 15, '', '', '', '', '', '', '{"fullname":"anu k","phone_no":"7985","address":"fgn","cityname":"dfbg","statename":"dfb","countryname":"dk","landMark":"ddddd"}', 203, 0),
(57, 31, '', '', '', '', '', '', '{"fullname":"Test","phone_no":"(null)","address":"TEST","cityname":"Test","statename":"Test","countryname":"Test","landMark":"Test"}', 204, 0),
(58, 31, '', '', '', '', '', '', '{"fullname":"Test","phone_no":"(null)","address":"TEST","cityname":"Test","statename":"Test","countryname":"Test","landMark":"Test"}', 205, 0),
(59, 31, '', '', '', '', '', '', '{"fullname":"Adssdfsa","phone_no":"(null)","address":"Adssdfsa","cityname":"Adsfasadsfasd","statename":"Adsfasadsfasd","countryname":"Asdfa","landMark":"Diseased"}', 206, 0),
(60, 31, '', '', '', '', '', '', '{"fullname":"Adssdfsa","phone_no":"(null)","address":"Adssdfsa","cityname":"Adsfasadsfasd","statename":"Adsfasadsfasd","countryname":"Asdfa","landMark":"Diseased"}', 207, 0),
(61, 31, '', '', '', '', '', '', '{"fullname":"Adssdfsa","phone_no":"(null)","address":"Adssdfsa","cityname":"Adsfasadsfasd","statename":"Adsfasadsfasd","countryname":"Asdfa","landMark":"Diseased"}', 208, 0),
(62, 31, '', '', '', '', '', '', '{"fullname":"Test","phone_no":"(null)","address":"Tets","cityname":"Theatre","statename":"Takes","countryname":"Test","landMark":"Test"}', 209, 0),
(63, 31, '', '', '', '', '', '', '{"fullname":"Test","phone_no":"(null)","address":"Test","cityname":"Test","statename":"Test","countryname":"Test","landMark":"Test"}', 210, 0),
(64, 31, '', '', '', '', '', '', '{"fullname":"Test","phone_no":"(null)","address":"Test","cityname":"Test","statename":"Test","countryname":"Test","landMark":"Test"}', 211, 0),
(65, 31, '', '', '', '', '', '', '{"fullname":"Test","phone_no":"(null)","address":"Test","cityname":"Test","statename":"Test","countryname":"Test","landMark":"Test"}', 212, 0),
(66, 31, '', '', '', '', '', '', '{"fullname":"Test","phone_no":"Test","address":"Test","cityname":"Test","statename":"Esttest","countryname":"Test","landMark":"Test"}', 213, 0),
(67, 31, '', '', '', '', '', '', '{"fullname":"High","phone_no":"Go","address":"Go","cityname":"Go","statename":"H","countryname":"Fh","landMark":"Go"}', 214, 0),
(68, 18, '', '', '', '', '', '', '{"fullname":"Test","phone_no":"Test","address":"Test","cityname":"Test","statename":"Test","countryname":"Test","landMark":"Test"}', 215, 0),
(69, 18, '', '', '', '', '', '', '{"fullname":"Test","phone_no":"Test","address":"Test","cityname":"Test","statename":"Test","countryname":"Test","landMark":"Test"}', 216, 0),
(70, 18, '', '', '', '', '', '', '{"fullname":"Test","phone_no":"Test","address":"Test","cityname":"Test","statename":"Test","countryname":"Test","landMark":"Test"}', 217, 0),
(71, 18, '', '', '', '', '', '', '{"fullname":"Test","phone_no":"Test","address":"Test","cityname":"Test","statename":"Test","countryname":"Test","landMark":"Test"}', 218, 0),
(72, 18, '', '', '', '', '', '', '{"fullname":"Test","phone_no":"Test","address":"Test","cityname":"Test","statename":"Test","countryname":"Test","landMark":"Test"}', 219, 0),
(73, 18, '', '', '', '', '', '', '{"fullname":"Test","phone_no":"Test","address":"Test","cityname":"Test","statename":"Test","countryname":"Test","landMark":"Test"}', 220, 0),
(74, 35, '', '', '', '', '', '', '{"fullname":"","phone_no":"","address":"","cityname":"","statename":"","countryname":"India","landMark":""}', 221, 0),
(75, 31, '', '', '', '', '', '', '{"fullname":"","phone_no":"","address":"","cityname":"","statename":"","countryname":"","landMark":""}', 222, 0),
(76, 31, '', '', '', '', '', '', '{"fullname":"Test","phone_no":"yes","address":"test","cityname":"Test","statename":"Test","countryname":"Test","landMark":"Test"}', 223, 0),
(77, 31, '', '', '', '', '', '', '{"fullname":"Test","phone_no":"yes","address":"test","cityname":"Test","statename":"Test","countryname":"Test","landMark":"Test"}', 224, 0),
(78, 31, '', '', '', '', '', '', '{"fullname":"","phone_no":"","address":"","cityname":"","statename":"","countryname":"","landMark":""}', 225, 0),
(79, 35, '', '', '', '', '', '', '{"fullname":"","phone_no":"","address":"","cityname":"hyderabad","statename":"Andhra Pradesh","countryname":"India","landMark":""}', 226, 0),
(80, 35, '', '', '', '', '', '', '{"fullname":"","phone_no":"","address":"","cityname":"hyderabad","statename":"Andhra Pradesh","countryname":"India","landMark":""}', 227, 0),
(81, 35, '', '', '', '', '', '', '{"fullname":"","phone_no":"","address":"","cityname":"hyderabad","statename":"Andhra Pradesh","countryname":"India","landMark":""}', 228, 0),
(82, 35, '', '', '', '', '', '', '{"fullname":"","phone_no":"","address":"","cityname":"hyderabad","statename":"Andhra Pradesh","countryname":"India","landMark":""}', 229, 0),
(83, 0, '', '', '', '', '', '', '{"house-no\\/name":"","localityaddress":"","nearby":""}', 230, 0),
(84, 0, 'priyanka', 'varanasi', 'dasdasdasd', 'priyankav@g', 'sdsdasdasda', '7412589635', '{"house-no\\/name":"dasdasda","localityaddress":"sdasdasdas","nearby":"dasdasdasdasdasd"}', 231, 0),
(85, 0, 'fgfgdf', 'fgdg', 'dfjsdjf', 'vdfd@gmail.', 'sfgd fvgg fgfgfdg', '3433434344', '{"house-no\\/name":"3434","localityaddress":"fjdsjfsjfj","nearby":"jfksdjfs fjfskdljf"}', 232, 0),
(86, 35, '', '', '', '', '', '', '{"fullname":"","phone_no":"","address":"","cityname":"hyderabad","statename":"Andhra Pradesh","countryname":"India","landMark":""}', 233, 0),
(87, 55, '', '', '', '', '', '', '{"fullname":"","phone_no":"","address":"","cityname":"hyderabad","statename":"Andhra Pradesh","countryname":"India","landMark":""}', 234, 0),
(88, 55, '', '', '', '', '', '', '{"fullname":"","phone_no":"","address":"","cityname":"hyderabad","statename":"Andhra Pradesh","countryname":"India","landMark":""}', 235, 0),
(89, 0, '', '', '', '', '', '', '{"house-no\\/name":"","localityaddress":"","nearby":""}', 236, 0),
(90, 0, '', '', '', '', '', '', '{"house-no\\/name":"","localityaddress":"","nearby":""}', 237, 0),
(91, 55, '', '', '', '', '', '', '{"fullname":"","phone_no":"","address":"","cityname":"hyderabad","statename":"Andhra Pradesh","countryname":"India","landMark":""}', 238, 0),
(92, 55, '', '', '', '', '', '', '{"fullname":"","phone_no":"","address":"","cityname":"hyderabad","statename":"Andhra Pradesh","countryname":"India","landMark":""}', 239, 0),
(93, 55, '', '', '', '', '', '', '{"fullname":"","phone_no":"","address":"","cityname":"hyderabad","statename":"Andhra Pradesh","countryname":"India","landMark":""}', 240, 0),
(94, 55, '', '', '', '', '', '', '{"fullname":"","phone_no":"","address":"","cityname":"hyderabad","statename":"Andhra Pradesh","countryname":"India","landMark":""}', 241, 0),
(95, 55, '', '', '', '', '', '', '{"fullname":"","phone_no":"","address":"","cityname":"hyderabad","statename":"Andhra Pradesh","countryname":"India","landMark":""}', 242, 0),
(96, 55, '', '', '', '', '', '', '{"fullname":"","phone_no":"","address":"","cityname":"hyderabad","statename":"Andhra Pradesh","countryname":"India","landMark":""}', 243, 0),
(97, 55, '', '', '', '', '', '', '{"fullname":"","phone_no":"","address":"","cityname":"hyderabad","statename":"Andhra Pradesh","countryname":"India","landMark":""}', 244, 0),
(98, 55, '', '', '', '', '', '', '{"fullname":"","phone_no":"","address":"","cityname":"hyderabad","statename":"Andhra Pradesh","countryname":"India","landMark":""}', 245, 0),
(99, 55, '', '', '', '', '', '', '{"fullname":"","phone_no":"","address":"","cityname":"hyderabad","statename":"Andhra Pradesh","countryname":"India","landMark":""}', 246, 0),
(100, 55, '', '', '', '', '', '', '{"fullname":"","phone_no":"","address":"","cityname":"hyderabad","statename":"Andhra Pradesh","countryname":"India","landMark":""}', 247, 0),
(101, 55, '', '', '', '', '', '', '{"fullname":"","phone_no":"","address":"","cityname":"hyderabad","statename":"Andhra Pradesh","countryname":"India","landMark":""}', 248, 0),
(102, 55, '', '', '', '', '', '', '{"fullname":"","phone_no":"","address":"","cityname":"hyderabad","statename":"Andhra Pradesh","countryname":"India","landMark":""}', 249, 0),
(103, 55, '', '', '', '', '', '', '{"fullname":"","phone_no":"","address":"","cityname":"hyderabad","statename":"Andhra Pradesh","countryname":"India","landMark":""}', 250, 0),
(104, 55, '', '', '', '', '', '', '{"fullname":"","phone_no":"","address":"","cityname":"hyderabad","statename":"Andhra Pradesh","countryname":"India","landMark":""}', 251, 0),
(105, 55, '', '', '', '', '', '', '{"fullname":"","phone_no":"","address":"","cityname":"hyderabad","statename":"Andhra Pradesh","countryname":"India","landMark":""}', 252, 0),
(106, 55, '', '', '', '', '', '', '{"fullname":"","phone_no":"","address":"","cityname":"hyderabad","statename":"Andhra Pradesh","countryname":"India","landMark":""}', 253, 0),
(107, 55, '', '', '', '', '', '', '{"fullname":"","phone_no":"","address":"","cityname":"hyderabad","statename":"Andhra Pradesh","countryname":"India","landMark":""}', 254, 0),
(108, 55, '', '', '', '', '', '', '{"fullname":"","phone_no":"","address":"","cityname":"hyderabad","statename":"Andhra Pradesh","countryname":"India","landMark":""}', 255, 0),
(109, 55, '', '', '', '', '', '', '{"fullname":"","phone_no":"","address":"","cityname":"hyderabad","statename":"Andhra Pradesh","countryname":"India","landMark":""}', 256, 0),
(110, 55, '', '', '', '', '', '', '{"fullname":"","phone_no":"","address":"","cityname":"hyderabad","statename":"Andhra Pradesh","countryname":"India","landMark":""}', 257, 0),
(111, 55, '', '', '', '', '', '', '{"fullname":"","phone_no":"","address":"","cityname":"hyderabad","statename":"Andhra Pradesh","countryname":"India","landMark":""}', 258, 0),
(112, 55, '', '', '', '', '', '', '{"fullname":"","phone_no":"","address":"","cityname":"hyderabad","statename":"Andhra Pradesh","countryname":"India","landMark":""}', 259, 0),
(113, 55, '', '', '', '', '', '', '{"fullname":"","phone_no":"","address":"","cityname":"hyderabad","statename":"Andhra Pradesh","countryname":"India","landMark":""}', 260, 0),
(114, 55, '', '', '', '', '', '', '{"fullname":"","phone_no":"","address":"","cityname":"hyderabad","statename":"Andhra Pradesh","countryname":"India","landMark":""}', 261, 0),
(115, 55, '', '', '', '', '', '', '{"fullname":"","phone_no":"","address":"","cityname":"hyderabad","statename":"Andhra Pradesh","countryname":"India","landMark":""}', 262, 0),
(116, 55, '', '', '', '', '', '', '{"fullname":"","phone_no":"","address":"","cityname":"hyderabad","statename":"Andhra Pradesh","countryname":"India","landMark":""}', 263, 0),
(117, 55, '', '', '', '', '', '', '{"fullname":"","phone_no":"","address":"","cityname":"hyderabad","statename":"Andhra Pradesh","countryname":"India","landMark":""}', 264, 0);

-- --------------------------------------------------------

--
-- Table structure for table `user_transactions`
--

CREATE TABLE IF NOT EXISTS `user_transactions` (
  `user_tx_id` int(30) NOT NULL AUTO_INCREMENT,
  `user_id` int(22) NOT NULL,
  `order_id` int(22) NOT NULL,
  `tx_type` tinyint(4) NOT NULL COMMENT '1=COD, 2=paypal',
  `tx_amount` float NOT NULL,
  `tx_code` varchar(30) NOT NULL,
  `tx_date` datetime NOT NULL,
  `tx_status` tinyint(4) NOT NULL COMMENT '(1=success,2=pending,3=failed,4=cancel)',
  PRIMARY KEY (`user_tx_id`)
) ENGINE=InnoDB  DEFAULT CHARSET=latin1 COMMENT='only users order transactions' AUTO_INCREMENT=5 ;

--
-- Dumping data for table `user_transactions`
--

INSERT INTO `user_transactions` (`user_tx_id`, `user_id`, `order_id`, `tx_type`, `tx_amount`, `tx_code`, `tx_date`, `tx_status`) VALUES
(1, 9, 1, 2, 200, '741852236cdde585', '2015-12-09 00:00:00', 1),
(2, 55, 259, 2, 1910, 'PAY-1XL448461T0840643K27Q6AI', '0000-00-00 00:00:00', 0),
(3, 55, 261, 2, 1910, 'PAY-9MR610530K608690NK3AWJNQ', '0000-00-00 00:00:00', 0),
(4, 55, 261, 2, 1910, 'PAY-7FJ7107137133850NK3AWTKY', '0000-00-00 00:00:00', 0);

/*!40101 SET CHARACTER_SET_CLIENT=@OLD_CHARACTER_SET_CLIENT */;
/*!40101 SET CHARACTER_SET_RESULTS=@OLD_CHARACTER_SET_RESULTS */;
/*!40101 SET COLLATION_CONNECTION=@OLD_COLLATION_CONNECTION */;
